{"type":"FeatureCollection","columns":{},"version":1701682634012831,"id":"FAO/GAUL/2015/level2","properties":{"system:asset_size":316969462},"features":[{"type":"Feature","geometry":{"type":"Polygon","coordinates":[[[-75.66545,-12.19358],[-75.66382,-12.196],[-75.65893,-12.19981],[-75.65685,-12.2033],[-75.65373,-12.20592],[-75.65321,-12.20745],[-75.65351,-12.21258],[-75.65197,-12.2152],[-75.64692,-12.21903],[-75.64589,-12.22094],[-75.64487,-12.22691],[-75.64277,-12.23032],[-75.63387,-12.23888],[-75.63408,-12.24188],[-75.62746,-12.24915],[-75.6248,-12.25017],[-75.61739,-12.2563],[-75.61661,-12.25988],[-75.61764,-12.26266],[-75.61605,-12.26536],[-75.61103,-12.26779],[-75.60443,-12.2762],[-75.60293,-12.28036],[-75.59741,-12.28686],[-75.59424,-12.29515],[-75.59005,-12.29776],[-75.58775,-12.29816],[-75.5868,-12.30088],[-75.59016,-12.30492],[-75.59347,-12.31352],[-75.59245,-12.3154],[-75.5922,-12.31996],[-75.58975,-12.32231],[-75.58916,-12.32474],[-75.58683,-12.32591],[-75.58385,-12.32876],[-75.57063,-12.33055],[-75.56759,-12.3325],[-75.56529,-12.33587],[-75.56286,-12.34287],[-75.55747,-12.35033],[-75.55618,-12.35453],[-75.55453,-12.35684],[-75.55423,-12.35974],[-75.549,-12.36521],[-75.55076,-12.37513],[-75.55581,-12.38045],[-75.55675,-12.38687],[-75.56189,-12.39161],[-75.56029,-12.3973],[-75.56023,-12.41085],[-75.5561,-12.40906],[-75.54986,-12.40788],[-75.54646,-12.40556],[-75.54305,-12.40518],[-75.54006,-12.40389],[-75.53679,-12.40389],[-75.53477,-12.40501],[-75.53166,-12.40452],[-75.52948,-12.4053],[-75.52723,-12.40471],[-75.52583,-12.40541],[-75.519,-12.40373],[-75.50872,-12.40372],[-75.50671,-12.40268],[-75.5026,-12.39731],[-75.49844,-12.39635],[-75.49304,-12.39845],[-75.48776,-12.39811],[-75.48555,-12.39614],[-75.47878,-12.39529],[-75.47455,-12.39293],[-75.47212,-12.3925],[-75.46725,-12.38925],[-75.46384,-12.38535],[-75.45775,-12.38032],[-75.44997,-12.37576],[-75.44204,-12.36947],[-75.438,-12.36953],[-75.43707,-12.36872],[-75.43216,-12.36852],[-75.43014,-12.36954],[-75.4294,-12.36884],[-75.42741,-12.36995],[-75.42516,-12.36743],[-75.40992,-12.36353],[-75.40224,-12.35834],[-75.3999,-12.35509],[-75.39562,-12.35233],[-75.39548,-12.35127],[-75.39399,-12.35127],[-75.39328,-12.35011],[-75.39054,-12.34984],[-75.3878,-12.34832],[-75.38755,-12.34665],[-75.38543,-12.3475],[-75.38416,-12.34592],[-75.38306,-12.34656],[-75.38266,-12.34522],[-75.38162,-12.34591],[-75.38123,-12.34383],[-75.37566,-12.33828],[-75.37083,-12.33737],[-75.37033,-12.33854],[-75.3619,-12.33631],[-75.3598,-12.33502],[-75.35896,-12.33289],[-75.35665,-12.33125],[-75.35541,-12.32882],[-75.35239,-12.32724],[-75.35357,-12.32483],[-75.3577,-12.32155],[-75.35846,-12.31747],[-75.35818,-12.31575],[-75.3553,-12.31103],[-75.35569,-12.30975],[-75.35723,-12.30836],[-75.35362,-12.30409],[-75.3476,-12.30011],[-75.33951,-12.29206],[-75.33237,-12.28682],[-75.32729,-12.28118],[-75.31656,-12.2717],[-75.30914,-12.27195],[-75.30848,-12.27269],[-75.30646,-12.27217],[-75.30562,-12.2698],[-75.30682,-12.26474],[-75.306,-12.26197],[-75.30036,-12.25843],[-75.29935,-12.25936],[-75.29911,-12.26092],[-75.29583,-12.26471],[-75.29301,-12.26591],[-75.28894,-12.26568],[-75.28467,-12.26386],[-75.27921,-12.26379],[-75.27669,-12.26443],[-75.27273,-12.26682],[-75.27156,-12.26648],[-75.27117,-12.26455],[-75.26952,-12.26184],[-75.2731,-12.2588],[-75.27271,-12.25789],[-75.26971,-12.25775],[-75.2682,-12.25679],[-75.26496,-12.24929],[-75.26259,-12.24918],[-75.2567,-12.2528],[-75.24959,-12.25384],[-75.24779,-12.25239],[-75.24601,-12.24951],[-75.24444,-12.24168],[-75.24544,-12.24044],[-75.2473,-12.23243],[-75.2477,-12.22719],[-75.24981,-12.22226],[-75.25317,-12.22023],[-75.25374,-12.21761],[-75.25941,-12.2057],[-75.26236,-12.19763],[-75.26537,-12.19363],[-75.26539,-12.18743],[-75.26893,-12.18047],[-75.27308,-12.17592],[-75.27352,-12.17465],[-75.27023,-12.16412],[-75.2666,-12.16049],[-75.26496,-12.15684],[-75.2622,-12.15542],[-75.25673,-12.15702],[-75.2516,-12.15392],[-75.24433,-12.15366],[-75.24438,-12.15281],[-75.24193,-12.15028],[-75.23996,-12.14375],[-75.23949,-12.13515],[-75.23701,-12.12678],[-75.23376,-12.12404],[-75.23259,-12.12086],[-75.23134,-12.11581],[-75.2339,-12.10728],[-75.23376,-12.09942],[-75.23203,-12.0945],[-75.23122,-12.07985],[-75.23575,-12.07116],[-75.23752,-12.06921],[-75.23847,-12.06326],[-75.25091,-12.06173],[-75.25702,-12.05819],[-75.26794,-12.06055],[-75.27029,-12.0595],[-75.27405,-12.05268],[-75.27727,-12.0492],[-75.28294,-12.04627],[-75.29086,-12.04507],[-75.29922,-12.04621],[-75.30325,-12.04757],[-75.31838,-12.04111],[-75.32683,-12.03386],[-75.32174,-12.0311],[-75.3235,-12.02761],[-75.32391,-12.02509],[-75.32661,-12.02057],[-75.32577,-12.01831],[-75.32727,-12.01474],[-75.33111,-12.01037],[-75.33677,-12.01503],[-75.34227,-12.01634],[-75.34374,-12.01949],[-75.34443,-12.02179],[-75.347,-12.02373],[-75.35046,-12.02499],[-75.35356,-12.02767],[-75.36076,-12.02922],[-75.36683,-12.03108],[-75.36984,-12.03319],[-75.37345,-12.03389],[-75.37654,-12.03559],[-75.37986,-12.03472],[-75.38339,-12.03485],[-75.38433,-12.03403],[-75.38576,-12.03111],[-75.38748,-12.0318],[-75.38756,-12.03366],[-75.38664,-12.03562],[-75.38807,-12.03824],[-75.39601,-12.0409],[-75.40636,-12.04367],[-75.41055,-12.04647],[-75.41364,-12.04755],[-75.41807,-12.04617],[-75.42341,-12.04237],[-75.42885,-12.04329],[-75.43736,-12.04216],[-75.44211,-12.04065],[-75.4455,-12.04531],[-75.45612,-12.051],[-75.45972,-12.05491],[-75.46258,-12.05702],[-75.4595,-12.0649],[-75.45819,-12.07467],[-75.45913,-12.07918],[-75.46015,-12.07991],[-75.46424,-12.08004],[-75.46884,-12.08226],[-75.46993,-12.08487],[-75.47203,-12.08615],[-75.47426,-12.09227],[-75.47449,-12.10098],[-75.47825,-12.10474],[-75.48456,-12.10787],[-75.48643,-12.11198],[-75.4886,-12.11205],[-75.49254,-12.11421],[-75.50075,-12.11602],[-75.50506,-12.11806],[-75.50767,-12.12031],[-75.51383,-12.11994],[-75.51758,-12.12142],[-75.51823,-12.12246],[-75.51774,-12.12647],[-75.51956,-12.12923],[-75.52221,-12.13053],[-75.52581,-12.13702],[-75.52858,-12.13869],[-75.53005,-12.1405],[-75.53259,-12.14731],[-75.53168,-12.15227],[-75.52707,-12.16045],[-75.52635,-12.16354],[-75.52677,-12.16792],[-75.52501,-12.17661],[-75.52465,-12.1852],[-75.52753,-12.1934],[-75.53033,-12.19371],[-75.53827,-12.18572],[-75.54139,-12.18331],[-75.54836,-12.18244],[-75.54932,-12.18081],[-75.54902,-12.17534],[-75.54758,-12.17195],[-75.54904,-12.17098],[-75.55275,-12.17111],[-75.55758,-12.16889],[-75.56376,-12.16802],[-75.56804,-12.16411],[-75.56953,-12.16351],[-75.57198,-12.15922],[-75.58038,-12.15694],[-75.58395,-12.15436],[-75.58476,-12.15142],[-75.58862,-12.14858],[-75.5923,-12.14463],[-75.59672,-12.14384],[-75.60488,-12.14681],[-75.60893,-12.14613],[-75.61183,-12.14436],[-75.61514,-12.14514],[-75.61783,-12.14463],[-75.62071,-12.14166],[-75.62187,-12.13974],[-75.62544,-12.14107],[-75.62891,-12.14142],[-75.63226,-12.14527],[-75.63889,-12.14837],[-75.64197,-12.14909],[-75.64503,-12.15774],[-75.64913,-12.16279],[-75.64892,-12.16722],[-75.65017,-12.16923],[-75.64984,-12.17285],[-75.65293,-12.17488],[-75.65821,-12.17491],[-75.65994,-12.17908],[-75.65846,-12.18342],[-75.66199,-12.18665],[-75.66545,-12.19358]]]},"id":"00060000000000000e7a","properties":{"ADM2_CODE":24109,"ADM2_NAME":"Chupaca"}},{"type":"Feature","geometry":{"type":"Polygon","coordinates":[[[-75.13108,-12.37835],[-75.13097,-12.37652],[-75.13307,-12.37337],[-75.13275,-12.36718],[-75.13497,-12.35791],[-75.13485,-12.35393],[-75.13631,-12.34903],[-75.13942,-12.34338],[-75.1393,-12.34036],[-75.13407,-12.33505],[-75.12993,-12.33551],[-75.12895,-12.33502],[-75.12977,-12.32787],[-75.1266,-12.32381],[-75.12005,-12.30958],[-75.11127,-12.30434],[-75.10834,-12.3015],[-75.10683,-12.29833],[-75.10314,-12.29495],[-75.09814,-12.28242],[-75.09879,-12.28091],[-75.10343,-12.27744],[-75.10492,-12.272],[-75.10447,-12.26705],[-75.1001,-12.2536],[-75.10001,-12.25104],[-75.09194,-12.24976],[-75.09174,-12.24845],[-75.09295,-12.24589],[-75.09274,-12.24415],[-75.08797,-12.2398],[-75.0855,-12.23658],[-75.0791,-12.23416],[-75.07662,-12.23426],[-75.07333,-12.23554],[-75.07168,-12.2354],[-75.0703,-12.22954],[-75.06321,-12.22102],[-75.06169,-12.21831],[-75.05881,-12.20931],[-75.05855,-12.20507],[-75.05195,-12.2048],[-75.04921,-12.20245],[-75.0496,-12.19758],[-75.05167,-12.19052],[-75.05368,-12.18699],[-75.05449,-12.17939],[-75.05344,-12.16699],[-75.05219,-12.1647],[-75.05699,-12.16356],[-75.06368,-12.16079],[-75.0672,-12.15847],[-75.07269,-12.15703],[-75.07368,-12.15592],[-75.07366,-12.15015],[-75.07776,-12.14618],[-75.07578,-12.14245],[-75.07314,-12.14211],[-75.06875,-12.14342],[-75.06587,-12.14054],[-75.06289,-12.13382],[-75.06788,-12.12851],[-75.06686,-12.12567],[-75.06705,-12.12113],[-75.06474,-12.11673],[-75.06617,-12.11467],[-75.07087,-12.11342],[-75.0687,-12.10592],[-75.07193,-12.10245],[-75.07153,-12.09903],[-75.06885,-12.09552],[-75.06734,-12.08502],[-75.06901,-12.08226],[-75.06934,-12.07627],[-75.07104,-12.07163],[-75.07413,-12.06778],[-75.07384,-12.06195],[-75.07259,-12.05936],[-75.08049,-12.05765],[-75.08493,-12.0546],[-75.08602,-12.05207],[-75.08518,-12.05048],[-75.08346,-12.05003],[-75.07944,-12.04628],[-75.07738,-12.04192],[-75.07295,-12.03666],[-75.07071,-12.03622],[-75.06876,-12.03686],[-75.06737,-12.036],[-75.06745,-12.02935],[-75.06605,-12.02796],[-75.06374,-12.02413],[-75.06251,-12.02408],[-75.06003,-12.02105],[-75.05315,-12.01442],[-75.04742,-12.01052],[-75.04823,-12.00291],[-75.04961,-11.99958],[-75.04896,-11.99867],[-75.0426,-11.99856],[-75.03846,-12.00006],[-75.03627,-11.99927],[-75.03206,-12.00176],[-75.02648,-12.00208],[-75.02418,-12.00408],[-75.02125,-12.0055],[-75.02139,-12.00973],[-75.02254,-12.01301],[-75.02077,-12.01301],[-75.01687,-12.0111],[-75.01239,-12.01091],[-75.01147,-12.01417],[-75.0088,-12.01653],[-75.00223,-12.01774],[-75.00032,-12.01985],[-74.99728,-12.02093],[-74.99112,-12.01764],[-74.98604,-12.01725],[-74.97909,-12.01935],[-74.97363,-12.02299],[-74.971,-12.02281],[-74.96737,-12.02386],[-74.95943,-12.02264],[-74.95198,-12.0161],[-74.94757,-12.01814],[-74.94095,-12.01741],[-74.93092,-12.02245],[-74.92581,-12.02843],[-74.92105,-12.03236],[-74.91246,-12.03525],[-74.90884,-12.03573],[-74.90373,-12.04225],[-74.89478,-12.04983],[-74.88343,-12.05389],[-74.88087,-12.05355],[-74.87602,-12.05981],[-74.87315,-12.06187],[-74.87251,-12.06411],[-74.86989,-12.06622],[-74.8614,-12.0655],[-74.85879,-12.06689],[-74.85574,-12.06745],[-74.8513,-12.06969],[-74.84376,-12.06978],[-74.8407,-12.07091],[-74.83637,-12.0707],[-74.83312,-12.06745],[-74.82743,-12.06014],[-74.81839,-12.05427],[-74.81622,-12.05418],[-74.80901,-12.05668],[-74.80392,-12.05693],[-74.80021,-12.05843],[-74.7953,-12.05858],[-74.78812,-12.0569],[-74.77908,-12.05267],[-74.775,-12.05296],[-74.76063,-12.05118],[-74.75768,-12.04914],[-74.75412,-12.0448],[-74.74818,-12.04149],[-74.74196,-12.0412],[-74.72994,-12.04734],[-74.72476,-12.05256],[-74.72145,-12.05435],[-74.71998,-12.0588],[-74.71707,-12.05918],[-74.71132,-12.0569],[-74.70488,-12.05057],[-74.69978,-12.04438],[-74.69335,-12.04119],[-74.69043,-12.04047],[-74.68464,-12.03776],[-74.68353,-12.03622],[-74.68193,-12.0298],[-74.6797,-12.02461],[-74.67962,-12.01767],[-74.67877,-12.01686],[-74.67548,-12.01624],[-74.66705,-12.00809],[-74.6653,-12.0087],[-74.6632,-12.0078],[-74.66103,-12.00574],[-74.66039,-12.00174],[-74.65826,-11.996],[-74.65822,-11.99339],[-74.65736,-11.9918],[-74.65344,-11.99206],[-74.65077,-11.99513],[-74.6492,-11.99437],[-74.64664,-11.99104],[-74.64203,-11.98764],[-74.63418,-11.98605],[-74.63195,-11.98488],[-74.62348,-11.98504],[-74.6203,-11.98956],[-74.61762,-11.98979],[-74.61495,-11.98739],[-74.6136,-11.98732],[-74.60838,-11.99182],[-74.60796,-11.99593],[-74.60576,-11.99893],[-74.60233,-11.99936],[-74.59805,-11.99649],[-74.59316,-11.99561],[-74.5931,-11.99123],[-74.59514,-11.98761],[-74.59357,-11.98631],[-74.58498,-11.98605],[-74.58243,-11.98777],[-74.57477,-11.98474],[-74.57246,-11.98445],[-74.57139,-11.98505],[-74.57071,-11.99091],[-74.56733,-11.99741],[-74.56218,-11.99763],[-74.55854,-12.00057],[-74.55406,-11.99989],[-74.55201,-11.99652],[-74.54866,-11.996],[-74.54355,-11.9909],[-74.53155,-11.98475],[-74.52961,-11.98489],[-74.5246,-11.98798],[-74.50753,-11.98658],[-74.50095,-11.97676],[-74.49907,-11.97014],[-74.4989,-11.95969],[-74.4999,-11.95354],[-74.50206,-11.95143],[-74.50365,-11.94819],[-74.50345,-11.94437],[-74.50067,-11.93933],[-74.49977,-11.93574],[-74.49569,-11.92706],[-74.49501,-11.92304],[-74.49583,-11.91533],[-74.49813,-11.91304],[-74.50109,-11.91121],[-74.5032,-11.91238],[-74.5051,-11.91495],[-74.50882,-11.91507],[-74.51368,-11.90987],[-74.51713,-11.90492],[-74.51925,-11.90361],[-74.52487,-11.89685],[-74.52501,-11.89092],[-74.52729,-11.88647],[-74.5323,-11.88131],[-74.53465,-11.87789],[-74.54953,-11.87821],[-74.56225,-11.88206],[-74.5648,-11.88141],[-74.56692,-11.88263],[-74.57501,-11.88337],[-74.57875,-11.88123],[-74.58088,-11.87621],[-74.58411,-11.87268],[-74.58242,-11.86986],[-74.5834,-11.86768],[-74.58336,-11.86511],[-74.58465,-11.86013],[-74.58193,-11.85511],[-74.58312,-11.85262],[-74.58804,-11.85089],[-74.59041,-11.85093],[-74.5931,-11.84646],[-74.59687,-11.84295],[-74.59618,-11.8368],[-74.59529,-11.83447],[-74.59528,-11.83152],[-74.59622,-11.83007],[-74.59872,-11.82947],[-74.59977,-11.82778],[-74.59657,-11.82213],[-74.59701,-11.81865],[-74.60517,-11.81181],[-74.61061,-11.80847],[-74.61136,-11.80741],[-74.61088,-11.8033],[-74.60676,-11.79402],[-74.60675,-11.79227],[-74.61064,-11.78989],[-74.61088,-11.78864],[-74.61333,-11.78664],[-74.6147,-11.78158],[-74.62204,-11.77379],[-74.62453,-11.77347],[-74.62533,-11.77255],[-74.62382,-11.76862],[-74.6261,-11.76007],[-74.63485,-11.75147],[-74.63817,-11.75097],[-74.64023,-11.74123],[-74.64712,-11.73683],[-74.65065,-11.73729],[-74.65151,-11.73659],[-74.65144,-11.73357],[-74.64724,-11.72836],[-74.64688,-11.72056],[-74.64496,-11.71567],[-74.64585,-11.7102],[-74.6435,-11.70506],[-74.64353,-11.70045],[-74.64867,-11.6969],[-74.6525,-11.69517],[-74.65303,-11.68946],[-74.65291,-11.68691],[-74.65459,-11.68499],[-74.6567,-11.68441],[-74.65975,-11.68109],[-74.66391,-11.68014],[-74.66548,-11.67716],[-74.66829,-11.67348],[-74.6765,-11.67169],[-74.67994,-11.66739],[-74.67998,-11.66185],[-74.68059,-11.66105],[-74.6833,-11.6619],[-74.69081,-11.66739],[-74.69644,-11.66756],[-74.70055,-11.66595],[-74.70281,-11.66925],[-74.70534,-11.66986],[-74.70863,-11.67335],[-74.71151,-11.6719],[-74.71745,-11.66784],[-74.7192,-11.66516],[-74.72171,-11.66419],[-74.72369,-11.66591],[-74.72958,-11.6682],[-74.73032,-11.67005],[-74.73417,-11.67167],[-74.73733,-11.67469],[-74.7419,-11.6864],[-74.74173,-11.69043],[-74.74536,-11.70274],[-74.74652,-11.70332],[-74.74977,-11.70095],[-74.75332,-11.70346],[-74.76072,-11.70553],[-74.76434,-11.70571],[-74.7675,-11.70881],[-74.7689,-11.71808],[-74.77496,-11.72327],[-74.77573,-11.72945],[-74.77554,-11.73476],[-74.7798,-11.74063],[-74.77525,-11.75031],[-74.77239,-11.75927],[-74.76932,-11.76135],[-74.77156,-11.7633],[-74.77671,-11.76467],[-74.77823,-11.76429],[-74.78812,-11.76631],[-74.79089,-11.76556],[-74.79421,-11.76642],[-74.79838,-11.76554],[-74.80621,-11.76605],[-74.81206,-11.76343],[-74.81945,-11.76234],[-74.82696,-11.76469],[-74.82908,-11.76604],[-74.8318,-11.76663],[-74.83598,-11.76607],[-74.83962,-11.76251],[-74.84394,-11.76558],[-74.84717,-11.77244],[-74.85182,-11.77428],[-74.86037,-11.77562],[-74.86269,-11.7768],[-74.86891,-11.77718],[-74.86919,-11.7797],[-74.86813,-11.78154],[-74.86778,-11.78431],[-74.85768,-11.79119],[-74.85223,-11.8008],[-74.8511,-11.80188],[-74.85127,-11.80272],[-74.85422,-11.80275],[-74.85509,-11.8058],[-74.85744,-11.80723],[-74.85875,-11.81062],[-74.8647,-11.81429],[-74.86759,-11.81545],[-74.86976,-11.82019],[-74.87713,-11.8275],[-74.87751,-11.83046],[-74.88008,-11.833],[-74.88383,-11.83406],[-74.88625,-11.83677],[-74.88535,-11.84181],[-74.88806,-11.84632],[-74.89801,-11.84155],[-74.9079,-11.84225],[-74.91221,-11.845],[-74.91461,-11.84721],[-74.9189,-11.84574],[-74.92354,-11.84527],[-74.92585,-11.84297],[-74.92787,-11.83687],[-74.93023,-11.83531],[-74.93813,-11.83742],[-74.94008,-11.83733],[-74.94605,-11.82943],[-74.94832,-11.82747],[-74.95202,-11.82714],[-74.95561,-11.83029],[-74.95645,-11.83263],[-74.95773,-11.83847],[-74.96252,-11.84356],[-74.96781,-11.8452],[-74.97073,-11.84227],[-74.97291,-11.83771],[-74.97695,-11.8342],[-74.97886,-11.83],[-74.98825,-11.82204],[-74.99005,-11.81887],[-74.99371,-11.81648],[-75.00026,-11.81719],[-75.00476,-11.8205],[-75.00993,-11.82032],[-75.01424,-11.82113],[-75.02101,-11.82654],[-75.02921,-11.83773],[-75.0305,-11.84251],[-75.03094,-11.84674],[-75.03664,-11.85093],[-75.03918,-11.8549],[-75.04476,-11.85786],[-75.04649,-11.86582],[-75.04927,-11.86931],[-75.05002,-11.87435],[-75.05669,-11.88236],[-75.06338,-11.88719],[-75.07012,-11.88283],[-75.07285,-11.87777],[-75.07265,-11.87041],[-75.0763,-11.86175],[-75.08221,-11.85505],[-75.08288,-11.85041],[-75.08781,-11.84559],[-75.08773,-11.83783],[-75.08996,-11.83472],[-75.09284,-11.83349],[-75.09778,-11.83441],[-75.10358,-11.83292],[-75.11077,-11.83547],[-75.11575,-11.83426],[-75.11828,-11.83601],[-75.11993,-11.83932],[-75.12021,-11.84324],[-75.12206,-11.84422],[-75.12641,-11.84392],[-75.12842,-11.84305],[-75.13315,-11.83858],[-75.14261,-11.83418],[-75.14499,-11.83157],[-75.1486,-11.82515],[-75.15269,-11.82256],[-75.15799,-11.82209],[-75.16012,-11.82021],[-75.16246,-11.81518],[-75.16285,-11.80957],[-75.16511,-11.80511],[-75.17023,-11.80074],[-75.17268,-11.79801],[-75.17663,-11.79698],[-75.17883,-11.79426],[-75.18282,-11.7951],[-75.18884,-11.79502],[-75.19279,-11.79596],[-75.1992,-11.79474],[-75.20635,-11.79754],[-75.21059,-11.79725],[-75.21314,-11.80081],[-75.21374,-11.80303],[-75.21526,-11.80475],[-75.21701,-11.80507],[-75.22207,-11.80426],[-75.22852,-11.80644],[-75.2367,-11.80585],[-75.24215,-11.80942],[-75.24562,-11.80823],[-75.2507,-11.8098],[-75.25128,-11.81131],[-75.2517,-11.8196],[-75.25319,-11.82255],[-75.25674,-11.82529],[-75.26109,-11.83299],[-75.26528,-11.83774],[-75.26526,-11.84001],[-75.2626,-11.84483],[-75.26275,-11.85099],[-75.26681,-11.85432],[-75.27023,-11.85902],[-75.27561,-11.86247],[-75.26724,-11.87005],[-75.26523,-11.87158],[-75.26604,-11.87332],[-75.27345,-11.87616],[-75.27739,-11.8763],[-75.27911,-11.87786],[-75.28287,-11.88344],[-75.28465,-11.88411],[-75.28806,-11.88391],[-75.29458,-11.88772],[-75.29132,-11.8918],[-75.28964,-11.89801],[-75.29089,-11.89978],[-75.29413,-11.91152],[-75.29412,-11.92039],[-75.29598,-11.9241],[-75.31223,-11.93755],[-75.30792,-11.94142],[-75.29789,-11.95578],[-75.29706,-11.9593],[-75.29234,-11.96501],[-75.28153,-11.97315],[-75.27987,-11.97577],[-75.27919,-11.98012],[-75.28127,-11.98233],[-75.28685,-11.9828],[-75.29268,-11.98579],[-75.29842,-11.98572],[-75.30302,-11.98494],[-75.30476,-11.9871],[-75.30977,-12.00308],[-75.3105,-12.00304],[-75.31191,-12.00748],[-75.31443,-12.00813],[-75.32071,-12.00817],[-75.33111,-12.01037],[-75.32601,-12.01658],[-75.32577,-12.01831],[-75.32661,-12.02057],[-75.32391,-12.02509],[-75.3235,-12.02761],[-75.32174,-12.0311],[-75.32683,-12.03386],[-75.31838,-12.04111],[-75.3023,-12.04767],[-75.29469,-12.04518],[-75.28571,-12.04553],[-75.28003,-12.04744],[-75.27573,-12.05062],[-75.27142,-12.05661],[-75.26941,-12.06036],[-75.26257,-12.05947],[-75.25592,-12.05833],[-75.25091,-12.06173],[-75.23847,-12.06326],[-75.23703,-12.06998],[-75.23399,-12.07355],[-75.23122,-12.07985],[-75.23266,-12.09756],[-75.23398,-12.10056],[-75.2339,-12.10728],[-75.23134,-12.11581],[-75.23259,-12.12086],[-75.23468,-12.12537],[-75.23759,-12.12769],[-75.23949,-12.13515],[-75.24063,-12.14733],[-75.24193,-12.15028],[-75.24438,-12.15281],[-75.24433,-12.15366],[-75.2516,-12.15392],[-75.25673,-12.15702],[-75.2622,-12.15542],[-75.26576,-12.15792],[-75.2666,-12.16049],[-75.27023,-12.16412],[-75.27352,-12.17465],[-75.27209,-12.17731],[-75.26893,-12.18047],[-75.26539,-12.18743],[-75.26537,-12.19363],[-75.2609,-12.20068],[-75.25837,-12.20892],[-75.25374,-12.21761],[-75.25258,-12.22081],[-75.24981,-12.22226],[-75.2477,-12.22719],[-75.24671,-12.2356],[-75.24544,-12.24044],[-75.24444,-12.24168],[-75.24601,-12.24951],[-75.24779,-12.25239],[-75.24959,-12.25384],[-75.2567,-12.2528],[-75.26379,-12.24893],[-75.26496,-12.24929],[-75.2682,-12.25679],[-75.26971,-12.25775],[-75.27271,-12.25789],[-75.27268,-12.25935],[-75.26952,-12.26184],[-75.27156,-12.26648],[-75.27273,-12.26682],[-75.27669,-12.26443],[-75.28182,-12.26361],[-75.28467,-12.26386],[-75.28894,-12.26568],[-75.29379,-12.26586],[-75.29685,-12.2638],[-75.29911,-12.26092],[-75.29935,-12.25936],[-75.30036,-12.25843],[-75.306,-12.26197],[-75.30682,-12.26474],[-75.30587,-12.27126],[-75.30646,-12.27217],[-75.30848,-12.27269],[-75.30991,-12.27166],[-75.31656,-12.2717],[-75.32729,-12.28118],[-75.33237,-12.28682],[-75.33951,-12.29206],[-75.34956,-12.30159],[-75.35496,-12.30525],[-75.35724,-12.30883],[-75.35569,-12.30975],[-75.3553,-12.31103],[-75.35818,-12.31575],[-75.35833,-12.32019],[-75.35554,-12.32361],[-75.35357,-12.32483],[-75.35264,-12.32772],[-75.35541,-12.32882],[-75.35665,-12.33125],[-75.35896,-12.33289],[-75.3598,-12.33502],[-75.3619,-12.33631],[-75.37033,-12.33854],[-75.37083,-12.33737],[-75.37566,-12.33828],[-75.38149,-12.34445],[-75.38162,-12.34591],[-75.38266,-12.34522],[-75.38306,-12.34656],[-75.38416,-12.34592],[-75.38543,-12.3475],[-75.38755,-12.34665],[-75.38824,-12.34886],[-75.3912,-12.3499],[-75.39328,-12.35011],[-75.39399,-12.35127],[-75.39548,-12.35127],[-75.39562,-12.35233],[-75.3999,-12.35509],[-75.4003,-12.3564],[-75.40992,-12.36353],[-75.4259,-12.36803],[-75.42741,-12.36995],[-75.4294,-12.36884],[-75.43014,-12.36954],[-75.43277,-12.36834],[-75.43707,-12.36872],[-75.43864,-12.36931],[-75.44204,-12.36947],[-75.44997,-12.37576],[-75.45775,-12.38032],[-75.46384,-12.38535],[-75.46937,-12.39096],[-75.47212,-12.3925],[-75.47455,-12.39293],[-75.47878,-12.39529],[-75.48649,-12.39669],[-75.48776,-12.39811],[-75.49304,-12.39845],[-75.49844,-12.39635],[-75.5026,-12.39731],[-75.5078,-12.40351],[-75.51728,-12.40417],[-75.52024,-12.40368],[-75.52664,-12.40528],[-75.52723,-12.40471],[-75.52948,-12.4053],[-75.53166,-12.40452],[-75.53477,-12.40501],[-75.53679,-12.40389],[-75.54006,-12.40389],[-75.54305,-12.40518],[-75.54646,-12.40556],[-75.55093,-12.40841],[-75.5561,-12.40906],[-75.55994,-12.41113],[-75.55804,-12.41459],[-75.55989,-12.41788],[-75.55924,-12.42291],[-75.55542,-12.43206],[-75.55615,-12.43941],[-75.55535,-12.44149],[-75.55695,-12.44459],[-75.55806,-12.4552],[-75.55559,-12.45868],[-75.55423,-12.46499],[-75.55024,-12.47025],[-75.55034,-12.4738],[-75.54617,-12.48034],[-75.54161,-12.49688],[-75.53969,-12.50002],[-75.5415,-12.50557],[-75.53843,-12.50934],[-75.53843,-12.51366],[-75.53618,-12.51713],[-75.53583,-12.51906],[-75.53858,-12.52227],[-75.54372,-12.52402],[-75.54534,-12.52546],[-75.54625,-12.52996],[-75.54583,-12.53258],[-75.54879,-12.53529],[-75.54915,-12.53795],[-75.55222,-12.54317],[-75.55257,-12.54507],[-75.55503,-12.54612],[-75.55784,-12.54556],[-75.56217,-12.54936],[-75.56686,-12.55423],[-75.56728,-12.55993],[-75.57192,-12.56284],[-75.57161,-12.56696],[-75.56934,-12.56939],[-75.56687,-12.57064],[-75.56623,-12.57273],[-75.56799,-12.57862],[-75.57231,-12.58485],[-75.57256,-12.58953],[-75.57863,-12.59287],[-75.57951,-12.59548],[-75.57934,-12.60622],[-75.58133,-12.61704],[-75.58291,-12.62212],[-75.58051,-12.6278],[-75.58028,-12.63975],[-75.57959,-12.64134],[-75.57442,-12.63696],[-75.56941,-12.63696],[-75.56761,-12.63282],[-75.56319,-12.63272],[-75.56047,-12.63146],[-75.55139,-12.62306],[-75.54813,-12.62527],[-75.54196,-12.62256],[-75.5294,-12.62105],[-75.52631,-12.61843],[-75.52529,-12.61849],[-75.52194,-12.6222],[-75.52161,-12.62482],[-75.51957,-12.62471],[-75.51498,-12.62879],[-75.51134,-12.6338],[-75.50588,-12.63638],[-75.4998,-12.63777],[-75.49863,-12.64305],[-75.49341,-12.64541],[-75.48883,-12.65195],[-75.48826,-12.65634],[-75.48984,-12.66065],[-75.48968,-12.66281],[-75.48662,-12.66566],[-75.4832,-12.6755],[-75.48142,-12.67677],[-75.4771,-12.67747],[-75.47059,-12.68087],[-75.46798,-12.68346],[-75.46097,-12.67685],[-75.45928,-12.67441],[-75.45607,-12.66262],[-75.45274,-12.65706],[-75.45667,-12.65153],[-75.45693,-12.6498],[-75.45608,-12.64533],[-75.45792,-12.64211],[-75.45898,-12.63778],[-75.46139,-12.63506],[-75.45908,-12.63059],[-75.45748,-12.62912],[-75.45686,-12.62704],[-75.45445,-12.62506],[-75.45362,-12.62225],[-75.44975,-12.61989],[-75.44865,-12.62002],[-75.44171,-12.6177],[-75.43952,-12.61731],[-75.43251,-12.62451],[-75.42792,-12.62717],[-75.42297,-12.62577],[-75.42075,-12.62646],[-75.41793,-12.62853],[-75.41536,-12.62827],[-75.41345,-12.62329],[-75.41132,-12.62062],[-75.4104,-12.61767],[-75.41086,-12.60563],[-75.41225,-12.60068],[-75.40987,-12.59774],[-75.41023,-12.59364],[-75.40918,-12.58893],[-75.40357,-12.58545],[-75.39869,-12.58382],[-75.39564,-12.58024],[-75.3956,-12.57783],[-75.39131,-12.5734],[-75.38871,-12.56886],[-75.38027,-12.56382],[-75.38002,-12.56105],[-75.37773,-12.55533],[-75.37586,-12.55455],[-75.3719,-12.55467],[-75.36941,-12.55162],[-75.36806,-12.54368],[-75.36114,-12.53879],[-75.35894,-12.53886],[-75.35647,-12.54022],[-75.35021,-12.53823],[-75.34643,-12.53316],[-75.34311,-12.5328],[-75.34204,-12.53128],[-75.34041,-12.5239],[-75.3361,-12.52096],[-75.33183,-12.51999],[-75.32805,-12.51691],[-75.32284,-12.51593],[-75.32163,-12.51629],[-75.31963,-12.51408],[-75.31762,-12.51386],[-75.31761,-12.51197],[-75.31965,-12.50649],[-75.31803,-12.50348],[-75.31987,-12.50007],[-75.32001,-12.49729],[-75.32366,-12.49128],[-75.32378,-12.48555],[-75.32139,-12.48474],[-75.31389,-12.48419],[-75.3118,-12.48265],[-75.30968,-12.47901],[-75.30743,-12.47998],[-75.30104,-12.48062],[-75.30235,-12.4836],[-75.30203,-12.48626],[-75.29995,-12.48675],[-75.29812,-12.48559],[-75.29469,-12.48041],[-75.28881,-12.47536],[-75.2794,-12.4734],[-75.27808,-12.47104],[-75.27807,-12.46734],[-75.27748,-12.46663],[-75.27408,-12.46608],[-75.2659,-12.4662],[-75.25314,-12.46276],[-75.24603,-12.46273],[-75.23798,-12.47009],[-75.23402,-12.46996],[-75.23276,-12.47112],[-75.23162,-12.47514],[-75.22772,-12.47444],[-75.22314,-12.46763],[-75.21551,-12.46327],[-75.21322,-12.45872],[-75.21308,-12.45616],[-75.21523,-12.45113],[-75.22052,-12.44426],[-75.22449,-12.43645],[-75.22401,-12.43506],[-75.21902,-12.42952],[-75.21499,-12.41967],[-75.21455,-12.41086],[-75.21822,-12.40543],[-75.21764,-12.40133],[-75.21477,-12.39844],[-75.21455,-12.39629],[-75.21929,-12.39113],[-75.21981,-12.39121],[-75.21963,-12.39028],[-75.20557,-12.38163],[-75.20093,-12.37551],[-75.19478,-12.36834],[-75.19083,-12.36593],[-75.18857,-12.36684],[-75.18602,-12.36552],[-75.18354,-12.36148],[-75.182,-12.3606],[-75.18055,-12.36197],[-75.17775,-12.3691],[-75.17608,-12.37124],[-75.17614,-12.37283],[-75.16895,-12.37881],[-75.16854,-12.38144],[-75.16653,-12.38399],[-75.16498,-12.38828],[-75.15732,-12.39309],[-75.1561,-12.39299],[-75.15353,-12.39537],[-75.14571,-12.39465],[-75.14003,-12.38761],[-75.13896,-12.38527],[-75.13395,-12.37927],[-75.13108,-12.37835]]]},"id":"00060000000000000e7c","properties":{"ADM2_CODE":24111,"ADM2_NAME":"Huancayo"}},{"type":"Feature","geometry":{"type":"Polygon","coordinates":[[[-75.67067,-11.10344],[-75.66997,-11.1134],[-75.66901,-11.11591],[-75.66218,-11.11647],[-75.65859,-11.11927],[-75.6576,-11.12133],[-75.65469,-11.12428],[-75.65462,-11.13187],[-75.6504,-11.13353],[-75.6415,-11.14716],[-75.63731,-11.15143],[-75.63968,-11.15343],[-75.64094,-11.15924],[-75.64024,-11.16113],[-75.63567,-11.16469],[-75.6298,-11.16076],[-75.62137,-11.1563],[-75.61761,-11.15617],[-75.61209,-11.1599],[-75.60212,-11.17111],[-75.59957,-11.1681],[-75.59197,-11.16548],[-75.58695,-11.16558],[-75.58304,-11.17084],[-75.58375,-11.17407],[-75.58759,-11.17706],[-75.5881,-11.18242],[-75.5898,-11.18754],[-75.58943,-11.19303],[-75.58683,-11.19836],[-75.58688,-11.20455],[-75.58595,-11.20807],[-75.58607,-11.21086],[-75.58369,-11.21317],[-75.58249,-11.21342],[-75.58195,-11.21433],[-75.58234,-11.21549],[-75.58366,-11.21611],[-75.58546,-11.21926],[-75.58545,-11.22048],[-75.5862,-11.22147],[-75.57899,-11.22848],[-75.56307,-11.2301],[-75.55417,-11.22871],[-75.51419,-11.2282],[-75.51101,-11.22999],[-75.31406,-11.2995],[-75.03559,-11.33591],[-75.03597,-11.33175],[-75.03346,-11.3295],[-75.03384,-11.32753],[-75.03909,-11.31951],[-75.04406,-11.31957],[-75.04605,-11.31759],[-75.04619,-11.31289],[-75.04986,-11.31025],[-75.05063,-11.3083],[-75.04563,-11.30216],[-75.04318,-11.30132],[-75.04253,-11.30031],[-75.03876,-11.30386],[-75.0354,-11.30346],[-75.03307,-11.30209],[-75.02671,-11.30136],[-75.0198,-11.29878],[-75.01519,-11.29577],[-75.01441,-11.29625],[-75.01093,-11.29561],[-75.00732,-11.29611],[-75.00479,-11.29569],[-75.00044,-11.29679],[-74.99863,-11.29624],[-74.99721,-11.29719],[-74.99335,-11.29682],[-74.9878,-11.29822],[-74.98621,-11.29926],[-74.98043,-11.30049],[-74.9697,-11.30049],[-74.96003,-11.29804],[-74.95818,-11.29827],[-74.95286,-11.29524],[-74.94806,-11.29501],[-74.94444,-11.29287],[-74.93804,-11.29228],[-74.93288,-11.2887],[-74.93025,-11.288],[-74.92845,-11.28846],[-74.92384,-11.28228],[-74.91477,-11.27538],[-74.9075,-11.27414],[-74.90289,-11.27114],[-74.89733,-11.27184],[-74.89242,-11.271],[-74.89021,-11.26965],[-74.89252,-11.26367],[-74.89133,-11.25597],[-74.89524,-11.24781],[-74.89465,-11.2453],[-74.88835,-11.24069],[-74.88921,-11.23856],[-74.89124,-11.23703],[-74.89114,-11.2342],[-74.89429,-11.23411],[-74.9011,-11.23796],[-74.90362,-11.23757],[-74.90402,-11.23694],[-74.9027,-11.23491],[-74.90579,-11.23046],[-74.90655,-11.2263],[-74.91063,-11.22251],[-74.91001,-11.22062],[-74.90802,-11.21875],[-74.90897,-11.21734],[-74.91123,-11.21604],[-74.91122,-11.21286],[-74.9063,-11.20772],[-74.90318,-11.20169],[-74.90452,-11.19651],[-74.90627,-11.19349],[-74.90568,-11.18734],[-74.90361,-11.18624],[-74.90222,-11.18642],[-74.89771,-11.19124],[-74.89642,-11.19178],[-74.89195,-11.18981],[-74.89179,-11.18216],[-74.89091,-11.17966],[-74.89165,-11.17556],[-74.89915,-11.16955],[-74.8996,-11.16703],[-74.89847,-11.16644],[-74.89692,-11.16773],[-74.89106,-11.16719],[-74.88934,-11.1661],[-74.88419,-11.1655],[-74.88213,-11.16332],[-74.87816,-11.1626],[-74.87757,-11.16018],[-74.8779,-11.15734],[-74.87672,-11.15557],[-74.87405,-11.15531],[-74.87396,-11.1523],[-74.87325,-11.15157],[-74.87233,-11.15585],[-74.86815,-11.15453],[-74.86568,-11.15095],[-74.86463,-11.14964],[-74.86541,-11.14793],[-74.86243,-11.14699],[-74.85993,-11.14357],[-74.85851,-11.14555],[-74.85731,-11.1481],[-74.85437,-11.14814],[-74.85402,-11.14644],[-74.85494,-11.14337],[-74.85369,-11.1418],[-74.85493,-11.13986],[-74.85262,-11.13736],[-74.84851,-11.13634],[-74.84758,-11.1299],[-74.84533,-11.12836],[-74.84331,-11.12586],[-74.84075,-11.1267],[-74.84179,-11.12975],[-74.84064,-11.13079],[-74.8382,-11.13038],[-74.83709,-11.12837],[-74.83771,-11.12429],[-74.83652,-11.1238],[-74.8337,-11.12639],[-74.83051,-11.12393],[-74.82871,-11.12485],[-74.8262,-11.12749],[-74.82212,-11.12636],[-74.82414,-11.12438],[-74.8219,-11.12384],[-74.82065,-11.1218],[-74.81872,-11.12181],[-74.81633,-11.12362],[-74.8165,-11.12012],[-74.81857,-11.11768],[-74.81241,-11.11404],[-74.81335,-11.11258],[-74.81072,-11.10777],[-74.80712,-11.10793],[-74.80743,-11.10605],[-74.80406,-11.10609],[-74.80083,-11.1028],[-74.79833,-11.10301],[-74.79536,-11.10226],[-74.79287,-11.10274],[-74.79198,-11.10133],[-74.79349,-11.09816],[-74.79108,-11.09742],[-74.78794,-11.09973],[-74.78642,-11.10208],[-74.78371,-11.09797],[-74.78133,-11.09654],[-74.77896,-11.09253],[-74.78035,-11.08858],[-74.77751,-11.08746],[-74.77187,-11.08705],[-74.76711,-11.08517],[-74.76822,-11.07906],[-74.76568,-11.07626],[-74.76246,-11.07144],[-74.75967,-11.07145],[-74.7567,-11.07286],[-74.74815,-11.07118],[-74.7465,-11.06928],[-74.74705,-11.05988],[-74.75034,-11.04802],[-74.74959,-11.04199],[-74.75262,-11.03401],[-74.75175,-11.02856],[-74.7515,-11.02209],[-74.74964,-11.01991],[-74.75034,-11.01542],[-74.74797,-11.01099],[-74.74628,-11.01058],[-74.74322,-11.01247],[-74.73959,-11.01324],[-74.73365,-11.01146],[-74.73265,-11.01522],[-74.73054,-11.01694],[-74.72508,-11.01612],[-74.72263,-11.01743],[-74.71869,-11.0206],[-74.71742,-11.01969],[-74.71615,-11.01607],[-74.71392,-11.01577],[-74.71054,-11.01665],[-74.70301,-11.01524],[-74.69414,-11.01623],[-74.68973,-11.01464],[-74.68652,-11.00972],[-74.67902,-11.01112],[-74.66976,-11.00801],[-74.66323,-11.01092],[-74.66054,-11.00961],[-74.65861,-11.00802],[-74.64682,-11.00864],[-74.64431,-11.0068],[-74.64451,-11.00145],[-74.64055,-10.99572],[-74.63637,-10.99259],[-74.63528,-10.99047],[-74.62828,-10.98462],[-74.62487,-10.98047],[-74.6229,-10.97672],[-74.62754,-10.97048],[-74.6282,-10.96586],[-74.63034,-10.96431],[-74.63325,-10.96385],[-74.63629,-10.96066],[-74.64138,-10.96061],[-74.64448,-10.95734],[-74.64874,-10.95715],[-74.65528,-10.95438],[-74.66049,-10.95296],[-74.66453,-10.95459],[-74.67173,-10.95833],[-74.6756,-10.95698],[-74.67736,-10.95498],[-74.67937,-10.95149],[-74.68067,-10.95145],[-74.68527,-10.95403],[-74.69071,-10.95397],[-74.69431,-10.95812],[-74.69664,-10.9588],[-74.69946,-10.95647],[-74.69794,-10.95442],[-74.69552,-10.9488],[-74.69745,-10.94314],[-74.69725,-10.93906],[-74.69511,-10.93169],[-74.69891,-10.92276],[-74.7014,-10.91995],[-74.70105,-10.91843],[-74.70274,-10.91675],[-74.70192,-10.90754],[-74.69793,-10.90169],[-74.6981,-10.8982],[-74.69668,-10.89355],[-74.69679,-10.89218],[-74.69907,-10.89015],[-74.7008,-10.885],[-74.70261,-10.88258],[-74.70254,-10.88055],[-74.69982,-10.87661],[-74.69983,-10.87503],[-74.70247,-10.8709],[-74.70653,-10.86625],[-74.71039,-10.85549],[-74.71456,-10.8524],[-74.71654,-10.85164],[-74.71972,-10.84831],[-74.72653,-10.84723],[-74.72949,-10.84389],[-74.7323,-10.83671],[-74.73605,-10.83275],[-74.73705,-10.83272],[-74.74049,-10.83618],[-74.74672,-10.83208],[-74.75023,-10.83097],[-74.75448,-10.8276],[-74.75892,-10.82615],[-74.76488,-10.82779],[-74.76786,-10.82965],[-74.771,-10.82947],[-74.77795,-10.82525],[-74.79093,-10.83075],[-74.79477,-10.82968],[-74.7999,-10.82286],[-74.80595,-10.81697],[-74.81221,-10.80958],[-74.81369,-10.80551],[-74.8179,-10.79992],[-74.82119,-10.79386],[-74.82461,-10.78998],[-74.82786,-10.78434],[-74.83207,-10.77984],[-74.83391,-10.77446],[-74.83687,-10.77035],[-74.83853,-10.76596],[-74.84058,-10.76326],[-74.84147,-10.75753],[-74.8468,-10.74546],[-74.84981,-10.73603],[-74.85608,-10.72837],[-74.85826,-10.72676],[-74.86153,-10.71925],[-74.86561,-10.71503],[-74.86774,-10.71484],[-74.87065,-10.73109],[-74.8688,-10.73993],[-74.86952,-10.75034],[-74.86638,-10.75713],[-74.86573,-10.76151],[-74.86699,-10.76213],[-74.87171,-10.76214],[-74.87662,-10.76354],[-74.88188,-10.76349],[-74.88597,-10.76865],[-74.88868,-10.76958],[-74.89281,-10.76855],[-74.89827,-10.76406],[-74.90202,-10.75994],[-74.90369,-10.75669],[-74.90764,-10.75328],[-74.91127,-10.75166],[-74.91369,-10.74879],[-74.91477,-10.7492],[-74.91925,-10.75413],[-74.92368,-10.75224],[-74.92771,-10.75371],[-74.93044,-10.75321],[-74.93198,-10.75051],[-74.93835,-10.7498],[-74.94013,-10.74852],[-74.94447,-10.74245],[-74.9493,-10.74146],[-74.95352,-10.73703],[-74.95599,-10.73663],[-74.9659,-10.74249],[-74.96913,-10.74331],[-74.97403,-10.74593],[-74.97949,-10.74783],[-74.98287,-10.75034],[-74.98868,-10.74376],[-74.98786,-10.73608],[-74.99549,-10.7251],[-74.99571,-10.71885],[-74.99768,-10.71481],[-74.9977,-10.70993],[-74.99605,-10.70352],[-74.99621,-10.69689],[-74.99759,-10.69037],[-74.99824,-10.67823],[-75.00063,-10.67416],[-75.00401,-10.6723],[-75.01115,-10.67153],[-75.01807,-10.6766],[-75.02428,-10.6804],[-75.03219,-10.6808],[-75.03431,-10.68195],[-75.03747,-10.68094],[-75.03879,-10.6793],[-75.03809,-10.67604],[-75.0406,-10.67079],[-75.049,-10.66359],[-75.05164,-10.66154],[-75.05435,-10.65635],[-75.06053,-10.65473],[-75.06406,-10.65274],[-75.06533,-10.65278],[-75.06962,-10.65817],[-75.07137,-10.65895],[-75.07442,-10.66552],[-75.07301,-10.67408],[-75.0714,-10.67689],[-75.0745,-10.67947],[-75.07816,-10.68104],[-75.0804,-10.68298],[-75.08584,-10.68253],[-75.08852,-10.68351],[-75.08809,-10.68939],[-75.09069,-10.69214],[-75.09186,-10.69687],[-75.09622,-10.69949],[-75.09721,-10.70615],[-75.10166,-10.71314],[-75.10725,-10.71905],[-75.11131,-10.72456],[-75.11539,-10.72577],[-75.11955,-10.73006],[-75.125,-10.72848],[-75.13138,-10.72814],[-75.13596,-10.72563],[-75.14066,-10.72517],[-75.14555,-10.72324],[-75.15097,-10.72297],[-75.1547,-10.72113],[-75.15931,-10.72082],[-75.16213,-10.71923],[-75.17517,-10.72035],[-75.1785,-10.71826],[-75.18693,-10.71827],[-75.19267,-10.71517],[-75.19772,-10.71614],[-75.20397,-10.71628],[-75.20857,-10.71481],[-75.21117,-10.71479],[-75.2133,-10.7161],[-75.21621,-10.72105],[-75.21579,-10.72457],[-75.21914,-10.73206],[-75.22738,-10.74503],[-75.22909,-10.74659],[-75.23017,-10.74912],[-75.23183,-10.74905],[-75.23526,-10.74543],[-75.24034,-10.74516],[-75.24461,-10.74689],[-75.24704,-10.75026],[-75.24593,-10.75426],[-75.24366,-10.75652],[-75.24462,-10.76291],[-75.24426,-10.76755],[-75.24556,-10.77549],[-75.24382,-10.77962],[-75.24309,-10.78887],[-75.24698,-10.79634],[-75.24818,-10.80305],[-75.25536,-10.80895],[-75.25768,-10.80985],[-75.25845,-10.81336],[-75.26085,-10.81654],[-75.26073,-10.81982],[-75.26283,-10.82618],[-75.26685,-10.82948],[-75.26987,-10.82926],[-75.27189,-10.82992],[-75.27574,-10.83353],[-75.28066,-10.83708],[-75.28326,-10.84085],[-75.28568,-10.84175],[-75.28865,-10.84177],[-75.2907,-10.83865],[-75.29174,-10.83947],[-75.29545,-10.84837],[-75.30019,-10.85194],[-75.30169,-10.85422],[-75.31172,-10.85985],[-75.31378,-10.86275],[-75.3164,-10.86298],[-75.32258,-10.86108],[-75.32773,-10.86108],[-75.33144,-10.86476],[-75.33552,-10.86436],[-75.34016,-10.86562],[-75.35025,-10.86515],[-75.35353,-10.86366],[-75.36283,-10.85],[-75.36639,-10.84885],[-75.37895,-10.85554],[-75.38081,-10.86049],[-75.38418,-10.86375],[-75.38524,-10.8676],[-75.38679,-10.86865],[-75.39109,-10.86842],[-75.39384,-10.86611],[-75.40003,-10.86632],[-75.40471,-10.86486],[-75.40932,-10.86488],[-75.41054,-10.86341],[-75.41489,-10.86774],[-75.41553,-10.87064],[-75.41842,-10.87116],[-75.4204,-10.87375],[-75.42309,-10.8797],[-75.42496,-10.88008],[-75.43029,-10.87858],[-75.43577,-10.87876],[-75.43814,-10.88001],[-75.44417,-10.88547],[-75.44824,-10.88818],[-75.44982,-10.89595],[-75.45364,-10.90009],[-75.45125,-10.90304],[-75.44899,-10.90351],[-75.44576,-10.90579],[-75.43818,-10.90867],[-75.43538,-10.91224],[-75.43375,-10.91892],[-75.43096,-10.92226],[-75.4314,-10.929],[-75.43014,-10.93272],[-75.42333,-10.93716],[-75.42319,-10.93989],[-75.42404,-10.9429],[-75.42353,-10.95479],[-75.42476,-10.95726],[-75.42772,-10.96006],[-75.4369,-10.96467],[-75.44167,-10.97123],[-75.44219,-10.9787],[-75.44517,-10.98514],[-75.4506,-10.99],[-75.45112,-10.99279],[-75.45505,-10.99652],[-75.45554,-11.00016],[-75.4519,-11.0043],[-75.44642,-11.00576],[-75.44507,-11.00688],[-75.44733,-11.01079],[-75.45006,-11.01296],[-75.4515,-11.01595],[-75.4534,-11.01659],[-75.45831,-11.01568],[-75.46326,-11.02148],[-75.46366,-11.02381],[-75.46679,-11.02402],[-75.47068,-11.02318],[-75.47174,-11.02228],[-75.47358,-11.01863],[-75.47838,-11.01854],[-75.48213,-11.01631],[-75.48555,-11.01818],[-75.48812,-11.01796],[-75.49127,-11.02126],[-75.49683,-11.02199],[-75.50452,-11.02586],[-75.50734,-11.03176],[-75.51571,-11.04229],[-75.51932,-11.04347],[-75.52395,-11.04266],[-75.5258,-11.04415],[-75.52923,-11.04988],[-75.53699,-11.04987],[-75.54198,-11.04627],[-75.54714,-11.04789],[-75.55422,-11.0528],[-75.55592,-11.05272],[-75.55915,-11.04951],[-75.56249,-11.05012],[-75.5631,-11.04922],[-75.56342,-11.0454],[-75.57057,-11.04718],[-75.57587,-11.0502],[-75.58292,-11.04984],[-75.58434,-11.05107],[-75.58641,-11.05783],[-75.5922,-11.06053],[-75.59517,-11.06064],[-75.59711,-11.06646],[-75.59879,-11.06802],[-75.60132,-11.07257],[-75.60669,-11.0767],[-75.61386,-11.07815],[-75.61574,-11.07767],[-75.61821,-11.07836],[-75.62259,-11.07601],[-75.62397,-11.07605],[-75.63704,-11.08555],[-75.64055,-11.08463],[-75.64216,-11.08496],[-75.64936,-11.09031],[-75.65524,-11.09124],[-75.65839,-11.09596],[-75.66167,-11.09773],[-75.66547,-11.0973],[-75.66806,-11.09872],[-75.67067,-11.10344]]]},"id":"00060000000000000e79","properties":{"ADM2_CODE":24108,"ADM2_NAME":"Chanchamayo"}},{"type":"Feature","geometry":{"type":"Polygon","coordinates":[[[-75.33677,-12.01503],[-75.32973,-12.00964],[-75.32071,-12.00817],[-75.31443,-12.00813],[-75.31146,-12.00719],[-75.3105,-12.00304],[-75.30977,-12.00308],[-75.30476,-11.9871],[-75.30302,-11.98494],[-75.29268,-11.98579],[-75.28566,-11.98261],[-75.28127,-11.98233],[-75.27919,-11.98012],[-75.28022,-11.97508],[-75.28285,-11.97179],[-75.29479,-11.96268],[-75.29744,-11.95831],[-75.29789,-11.95578],[-75.30792,-11.94142],[-75.31223,-11.93755],[-75.31009,-11.9352],[-75.29598,-11.9241],[-75.29412,-11.92039],[-75.29413,-11.91152],[-75.29304,-11.90613],[-75.29089,-11.89978],[-75.28964,-11.89801],[-75.29194,-11.89093],[-75.29458,-11.88772],[-75.28715,-11.88383],[-75.28465,-11.88411],[-75.28184,-11.88237],[-75.27911,-11.87786],[-75.27739,-11.8763],[-75.27224,-11.87593],[-75.26604,-11.87332],[-75.26523,-11.87158],[-75.26724,-11.87005],[-75.27561,-11.86247],[-75.27023,-11.85902],[-75.26681,-11.85432],[-75.26275,-11.85099],[-75.2626,-11.84483],[-75.26526,-11.84001],[-75.26528,-11.83774],[-75.25989,-11.83155],[-75.25674,-11.82529],[-75.25253,-11.82187],[-75.25108,-11.81575],[-75.25128,-11.81131],[-75.2507,-11.8098],[-75.24562,-11.80823],[-75.24146,-11.80939],[-75.2367,-11.80585],[-75.22852,-11.80644],[-75.22099,-11.80436],[-75.21526,-11.80475],[-75.21374,-11.80303],[-75.21144,-11.79775],[-75.21059,-11.79725],[-75.20515,-11.79744],[-75.1992,-11.79474],[-75.19145,-11.79579],[-75.18884,-11.79502],[-75.18282,-11.7951],[-75.17883,-11.79426],[-75.17663,-11.79698],[-75.17195,-11.79831],[-75.17023,-11.80074],[-75.16511,-11.80511],[-75.16285,-11.80957],[-75.16182,-11.81724],[-75.16012,-11.82021],[-75.15706,-11.82235],[-75.15139,-11.823],[-75.14712,-11.82692],[-75.14499,-11.83157],[-75.14261,-11.83418],[-75.13315,-11.83858],[-75.12842,-11.84305],[-75.12451,-11.84423],[-75.12206,-11.84422],[-75.1199,-11.84269],[-75.11975,-11.83867],[-75.11788,-11.83547],[-75.11575,-11.83426],[-75.11077,-11.83547],[-75.10358,-11.83292],[-75.09778,-11.83441],[-75.09284,-11.83349],[-75.08862,-11.83588],[-75.08764,-11.83929],[-75.08781,-11.84559],[-75.08252,-11.85143],[-75.08221,-11.85505],[-75.07542,-11.8631],[-75.07265,-11.87041],[-75.07285,-11.87777],[-75.07012,-11.88283],[-75.06338,-11.88719],[-75.05669,-11.88236],[-75.04969,-11.87332],[-75.04927,-11.86931],[-75.04577,-11.86437],[-75.04476,-11.85786],[-75.03843,-11.85399],[-75.03664,-11.85093],[-75.03094,-11.84674],[-75.02921,-11.83773],[-75.02101,-11.82654],[-75.01424,-11.82113],[-75.00993,-11.82032],[-75.00476,-11.8205],[-75.00026,-11.81719],[-74.99371,-11.81648],[-74.98894,-11.82025],[-74.98723,-11.82325],[-74.97886,-11.83],[-74.97695,-11.8342],[-74.97291,-11.83771],[-74.96903,-11.84425],[-74.96732,-11.8452],[-74.961,-11.84252],[-74.95773,-11.83847],[-74.95561,-11.83029],[-74.95202,-11.82714],[-74.94832,-11.82747],[-74.94354,-11.83226],[-74.94008,-11.83733],[-74.93813,-11.83742],[-74.93023,-11.83531],[-74.92752,-11.83751],[-74.92585,-11.84297],[-74.92354,-11.84527],[-74.9189,-11.84574],[-74.91461,-11.84721],[-74.9079,-11.84225],[-74.89683,-11.84175],[-74.88806,-11.84632],[-74.88535,-11.84181],[-74.88625,-11.83677],[-74.88383,-11.83406],[-74.88008,-11.833],[-74.87717,-11.8298],[-74.87691,-11.82699],[-74.86864,-11.81851],[-74.86671,-11.81466],[-74.86298,-11.8134],[-74.85875,-11.81062],[-74.85694,-11.80681],[-74.85509,-11.8058],[-74.85422,-11.80275],[-74.85127,-11.80272],[-74.8511,-11.80188],[-74.85375,-11.79859],[-74.85868,-11.79035],[-74.86778,-11.78431],[-74.86813,-11.78154],[-74.86943,-11.77807],[-74.86807,-11.7769],[-74.86269,-11.7768],[-74.86037,-11.77562],[-74.85182,-11.77428],[-74.84717,-11.77244],[-74.8432,-11.76496],[-74.83912,-11.76269],[-74.83483,-11.76662],[-74.82908,-11.76604],[-74.82696,-11.76469],[-74.81863,-11.76221],[-74.80946,-11.76413],[-74.80621,-11.76605],[-74.79838,-11.76554],[-74.79421,-11.76642],[-74.79089,-11.76556],[-74.78812,-11.76631],[-74.77823,-11.76429],[-74.7755,-11.76463],[-74.77065,-11.7624],[-74.76932,-11.76135],[-74.77239,-11.75927],[-74.77665,-11.74654],[-74.7798,-11.74063],[-74.77554,-11.73476],[-74.77546,-11.72468],[-74.77496,-11.72327],[-74.7689,-11.71808],[-74.7675,-11.70881],[-74.76322,-11.70534],[-74.75788,-11.70504],[-74.75332,-11.70346],[-74.74977,-11.70095],[-74.74652,-11.70332],[-74.74536,-11.70274],[-74.74409,-11.69819],[-74.74173,-11.69043],[-74.7419,-11.6864],[-74.73733,-11.67469],[-74.73417,-11.67167],[-74.72978,-11.66929],[-74.72909,-11.66762],[-74.72369,-11.66591],[-74.71876,-11.65995],[-74.71898,-11.65481],[-74.72292,-11.65063],[-74.72279,-11.64124],[-74.72764,-11.63067],[-74.72569,-11.62389],[-74.72572,-11.61728],[-74.7251,-11.61509],[-74.72954,-11.61055],[-74.73551,-11.60727],[-74.74055,-11.60601],[-74.74504,-11.60677],[-74.75079,-11.60678],[-74.75469,-11.60826],[-74.75755,-11.6073],[-74.76151,-11.61162],[-74.76263,-11.61074],[-74.76411,-11.60535],[-74.76446,-11.60003],[-74.76676,-11.59859],[-74.77064,-11.59763],[-74.7738,-11.59986],[-74.77734,-11.60013],[-74.77966,-11.5996],[-74.78325,-11.60253],[-74.78664,-11.60292],[-74.79236,-11.6005],[-74.79445,-11.59813],[-74.79577,-11.59467],[-74.80305,-11.59323],[-74.80688,-11.59421],[-74.80913,-11.58796],[-74.81035,-11.58682],[-74.81248,-11.58672],[-74.81515,-11.58824],[-74.82117,-11.58794],[-74.82225,-11.58454],[-74.83087,-11.57782],[-74.83268,-11.57414],[-74.83954,-11.57625],[-74.84512,-11.57138],[-74.84651,-11.56584],[-74.85121,-11.56193],[-74.85578,-11.5625],[-74.85872,-11.56112],[-74.86179,-11.55729],[-74.87096,-11.55413],[-74.87235,-11.55243],[-74.87368,-11.54792],[-74.88049,-11.54304],[-74.88184,-11.54111],[-74.88967,-11.53777],[-74.89789,-11.53664],[-74.90206,-11.53266],[-74.90416,-11.53239],[-74.90628,-11.53091],[-74.90856,-11.53072],[-74.9104,-11.52819],[-74.91399,-11.52987],[-74.92,-11.52906],[-74.92077,-11.52988],[-74.92059,-11.53328],[-74.92414,-11.54109],[-74.92829,-11.54646],[-74.9321,-11.54884],[-74.93337,-11.54921],[-74.93283,-11.55462],[-74.93337,-11.55529],[-74.93549,-11.55535],[-74.93928,-11.55453],[-74.94191,-11.55655],[-74.94254,-11.55989],[-74.94196,-11.56395],[-74.94302,-11.56504],[-74.94939,-11.56624],[-74.95294,-11.56952],[-74.95667,-11.57114],[-74.96235,-11.57139],[-74.96834,-11.57225],[-74.97073,-11.57185],[-74.97205,-11.57072],[-74.97349,-11.56557],[-74.97531,-11.56303],[-74.97599,-11.55093],[-74.97357,-11.54826],[-74.96976,-11.546],[-74.9659,-11.54032],[-74.96562,-11.53836],[-74.96294,-11.53569],[-74.96354,-11.5281],[-74.96193,-11.52706],[-74.9562,-11.52589],[-74.95299,-11.5212],[-74.94827,-11.51723],[-74.95039,-11.51131],[-74.94884,-11.50927],[-74.94221,-11.50661],[-74.93703,-11.5022],[-74.93518,-11.49843],[-74.92943,-11.49486],[-74.9283,-11.49289],[-74.9242,-11.49191],[-74.92067,-11.49193],[-74.91712,-11.48993],[-74.91498,-11.48068],[-74.9156,-11.47926],[-74.92503,-11.47502],[-74.9319,-11.47349],[-74.93262,-11.47264],[-74.93275,-11.46836],[-74.93412,-11.46695],[-74.93841,-11.46523],[-74.94053,-11.46344],[-74.94763,-11.46207],[-74.95122,-11.46172],[-74.95677,-11.45463],[-74.96199,-11.45211],[-74.9628,-11.44723],[-74.96531,-11.44286],[-74.96732,-11.44121],[-74.97316,-11.43832],[-74.98481,-11.44018],[-74.99002,-11.43519],[-74.99309,-11.43062],[-75.0,-11.42693],[-75.00384,-11.43181],[-75.00573,-11.4361],[-75.00901,-11.43755],[-75.01081,-11.43942],[-75.01165,-11.44489],[-75.01359,-11.44632],[-75.01702,-11.44624],[-75.02209,-11.45],[-75.02349,-11.45278],[-75.02801,-11.45281],[-75.0312,-11.45365],[-75.03279,-11.45492],[-75.03551,-11.46063],[-75.03547,-11.46782],[-75.03803,-11.47201],[-75.04387,-11.47474],[-75.04706,-11.4744],[-75.05276,-11.4703],[-75.05554,-11.47086],[-75.05985,-11.47535],[-75.05975,-11.4769],[-75.05834,-11.47914],[-75.06082,-11.48485],[-75.06377,-11.48817],[-75.06909,-11.49008],[-75.07242,-11.49223],[-75.07437,-11.49227],[-75.07718,-11.49112],[-75.08154,-11.49203],[-75.08765,-11.49662],[-75.09141,-11.4972],[-75.09569,-11.49621],[-75.1001,-11.49731],[-75.10258,-11.50001],[-75.10472,-11.50465],[-75.10596,-11.50559],[-75.10815,-11.50578],[-75.10987,-11.50754],[-75.11258,-11.50882],[-75.11435,-11.51088],[-75.12405,-11.51183],[-75.12895,-11.51471],[-75.13052,-11.51657],[-75.13215,-11.52395],[-75.14266,-11.5254],[-75.14776,-11.52767],[-75.15101,-11.52806],[-75.15505,-11.53157],[-75.16073,-11.53347],[-75.16331,-11.53714],[-75.1623,-11.54214],[-75.16347,-11.54649],[-75.16959,-11.55115],[-75.17185,-11.55679],[-75.17244,-11.56402],[-75.17362,-11.56583],[-75.17593,-11.56721],[-75.1766,-11.5713],[-75.17833,-11.57241],[-75.18157,-11.57198],[-75.1846,-11.57258],[-75.18797,-11.57548],[-75.18837,-11.57853],[-75.18484,-11.58248],[-75.18926,-11.59077],[-75.19128,-11.59103],[-75.19373,-11.59062],[-75.20003,-11.5976],[-75.20133,-11.59797],[-75.20239,-11.59884],[-75.20203,-11.60105],[-75.19859,-11.60527],[-75.19809,-11.6168],[-75.19491,-11.62518],[-75.20127,-11.62749],[-75.21139,-11.62521],[-75.2131,-11.62827],[-75.21635,-11.63174],[-75.21744,-11.63768],[-75.21249,-11.64967],[-75.21237,-11.65119],[-75.21746,-11.65397],[-75.22342,-11.65992],[-75.22427,-11.66376],[-75.22135,-11.66729],[-75.22099,-11.67059],[-75.21407,-11.67657],[-75.21366,-11.6783],[-75.21435,-11.68215],[-75.20976,-11.68941],[-75.20298,-11.69211],[-75.19988,-11.69819],[-75.19627,-11.70303],[-75.19292,-11.70664],[-75.19051,-11.71695],[-75.19267,-11.7201],[-75.19338,-11.72485],[-75.19531,-11.73039],[-75.19799,-11.73318],[-75.19955,-11.73848],[-75.20075,-11.7494],[-75.19895,-11.75444],[-75.19883,-11.75713],[-75.19524,-11.76818],[-75.19314,-11.77098],[-75.18769,-11.77476],[-75.18727,-11.77562],[-75.18867,-11.77646],[-75.19337,-11.77556],[-75.19604,-11.77581],[-75.20142,-11.77171],[-75.2047,-11.7717],[-75.20756,-11.77013],[-75.21134,-11.76961],[-75.21308,-11.76754],[-75.21606,-11.76741],[-75.21738,-11.76479],[-75.2225,-11.76467],[-75.22466,-11.76613],[-75.2281,-11.76469],[-75.23462,-11.76749],[-75.23602,-11.76891],[-75.23468,-11.7758],[-75.23768,-11.77785],[-75.24565,-11.77961],[-75.25216,-11.78506],[-75.25932,-11.78924],[-75.26763,-11.79785],[-75.26872,-11.79995],[-75.26901,-11.80719],[-75.26725,-11.8123],[-75.27624,-11.81389],[-75.28859,-11.82233],[-75.30158,-11.82804],[-75.31248,-11.84199],[-75.31473,-11.84926],[-75.31203,-11.85648],[-75.31564,-11.85605],[-75.31981,-11.85416],[-75.32434,-11.85556],[-75.3311,-11.85899],[-75.33588,-11.85838],[-75.33752,-11.85779],[-75.34463,-11.86014],[-75.3468,-11.86256],[-75.35113,-11.86285],[-75.35755,-11.86617],[-75.36352,-11.866],[-75.36943,-11.86934],[-75.37559,-11.86196],[-75.38645,-11.86768],[-75.39875,-11.87571],[-75.39447,-11.87982],[-75.3878,-11.88256],[-75.38149,-11.88597],[-75.37707,-11.88965],[-75.37309,-11.89039],[-75.37061,-11.89306],[-75.36928,-11.89531],[-75.36411,-11.89439],[-75.35915,-11.89639],[-75.35806,-11.90026],[-75.36066,-11.90244],[-75.36308,-11.90633],[-75.37414,-11.91096],[-75.37581,-11.91256],[-75.37616,-11.91479],[-75.38417,-11.9175],[-75.39302,-11.92559],[-75.40046,-11.9224],[-75.40413,-11.92429],[-75.40805,-11.92426],[-75.40866,-11.92633],[-75.40763,-11.93407],[-75.40852,-11.93824],[-75.41125,-11.93886],[-75.41393,-11.9361],[-75.41496,-11.9366],[-75.41743,-11.943],[-75.41939,-11.94411],[-75.42436,-11.94445],[-75.42672,-11.94671],[-75.42982,-11.94695],[-75.43169,-11.95347],[-75.4344,-11.95526],[-75.44634,-11.95873],[-75.4506,-11.95863],[-75.4514,-11.95666],[-75.45159,-11.95084],[-75.45553,-11.94787],[-75.45842,-11.93974],[-75.46228,-11.9356],[-75.47343,-11.93568],[-75.4811,-11.93753],[-75.48318,-11.94007],[-75.48423,-11.94417],[-75.4911,-11.95165],[-75.49199,-11.9552],[-75.4958,-11.95831],[-75.49647,-11.96187],[-75.49808,-11.96418],[-75.49798,-11.96787],[-75.49421,-11.96948],[-75.48937,-11.97321],[-75.48456,-11.97867],[-75.48144,-11.98127],[-75.47665,-11.98391],[-75.47598,-11.98673],[-75.47655,-11.98874],[-75.47293,-11.99069],[-75.47094,-11.99034],[-75.47218,-11.99275],[-75.47302,-11.99677],[-75.47627,-11.99632],[-75.48129,-11.99835],[-75.48382,-12.00126],[-75.48468,-12.00335],[-75.49051,-12.00786],[-75.4967,-12.00856],[-75.49877,-12.00955],[-75.503,-12.0094],[-75.50868,-12.01056],[-75.51756,-12.01766],[-75.52961,-12.02576],[-75.53667,-12.02748],[-75.53903,-12.02693],[-75.54457,-12.02749],[-75.54785,-12.02521],[-75.54958,-12.02492],[-75.55161,-12.02292],[-75.55445,-12.02303],[-75.55598,-12.0213],[-75.56173,-12.01831],[-75.56427,-12.01586],[-75.57007,-12.01552],[-75.57461,-12.01365],[-75.57772,-12.01028],[-75.57738,-12.00629],[-75.57984,-12.00246],[-75.58569,-12.00093],[-75.59019,-12.00097],[-75.60122,-12.0034],[-75.6059,-12.005],[-75.61306,-12.00959],[-75.61671,-12.01709],[-75.622,-12.0215],[-75.62544,-12.022],[-75.64793,-12.01688],[-75.65124,-12.01369],[-75.65265,-12.01099],[-75.6565,-12.00853],[-75.67719,-12.00792],[-75.68356,-12.01343],[-75.68733,-12.01239],[-75.68911,-12.01416],[-75.69096,-12.01798],[-75.69026,-12.02012],[-75.68615,-12.02578],[-75.68557,-12.028],[-75.68593,-12.03142],[-75.68435,-12.03543],[-75.69362,-12.04105],[-75.69428,-12.04255],[-75.69019,-12.04653],[-75.68682,-12.05163],[-75.68287,-12.05321],[-75.682,-12.05456],[-75.67793,-12.0564],[-75.67709,-12.05747],[-75.67528,-12.05807],[-75.67955,-12.0621],[-75.68136,-12.06617],[-75.68322,-12.06788],[-75.68326,-12.07113],[-75.6842,-12.07285],[-75.6836,-12.07575],[-75.68157,-12.07893],[-75.68198,-12.08218],[-75.67812,-12.08395],[-75.675,-12.08448],[-75.66814,-12.08959],[-75.66038,-12.09405],[-75.65466,-12.10327],[-75.65006,-12.10632],[-75.64224,-12.11039],[-75.63813,-12.11411],[-75.63519,-12.1145],[-75.639,-12.119],[-75.6391,-12.12035],[-75.63612,-12.12488],[-75.62911,-12.13107],[-75.62769,-12.1341],[-75.62846,-12.13669],[-75.62985,-12.13814],[-75.62891,-12.14142],[-75.62544,-12.14107],[-75.62187,-12.13974],[-75.61948,-12.14343],[-75.61783,-12.14463],[-75.61514,-12.14514],[-75.61183,-12.14436],[-75.60893,-12.14613],[-75.60326,-12.14659],[-75.59672,-12.14384],[-75.5923,-12.14463],[-75.58862,-12.14858],[-75.58425,-12.15229],[-75.5831,-12.1554],[-75.58038,-12.15694],[-75.57198,-12.15922],[-75.56953,-12.16351],[-75.56484,-12.16663],[-75.56376,-12.16802],[-75.55758,-12.16889],[-75.55275,-12.17111],[-75.54815,-12.17115],[-75.54763,-12.17291],[-75.54902,-12.17534],[-75.54932,-12.18081],[-75.54836,-12.18244],[-75.54139,-12.18331],[-75.53474,-12.18891],[-75.53033,-12.19371],[-75.52753,-12.1934],[-75.52465,-12.1852],[-75.52566,-12.17166],[-75.52677,-12.16792],[-75.52635,-12.16354],[-75.52707,-12.16045],[-75.53203,-12.15056],[-75.53265,-12.14649],[-75.53005,-12.1405],[-75.52858,-12.13869],[-75.52581,-12.13702],[-75.52136,-12.12987],[-75.51825,-12.12787],[-75.51774,-12.12647],[-75.51823,-12.12246],[-75.51758,-12.12142],[-75.51383,-12.11994],[-75.50711,-12.12001],[-75.50506,-12.11806],[-75.50075,-12.11602],[-75.49254,-12.11421],[-75.4886,-12.11205],[-75.48643,-12.11198],[-75.48456,-12.10787],[-75.47825,-12.10474],[-75.47408,-12.09998],[-75.47426,-12.09227],[-75.47203,-12.08615],[-75.46993,-12.08487],[-75.46884,-12.08226],[-75.46424,-12.08004],[-75.46015,-12.07991],[-75.45856,-12.07842],[-75.45834,-12.0702],[-75.46158,-12.05878],[-75.46256,-12.05648],[-75.45972,-12.05491],[-75.4542,-12.04951],[-75.4455,-12.04531],[-75.44211,-12.04065],[-75.43736,-12.04216],[-75.42639,-12.04317],[-75.42282,-12.04251],[-75.41807,-12.04617],[-75.41364,-12.04755],[-75.41055,-12.04647],[-75.40414,-12.04266],[-75.39155,-12.03945],[-75.38807,-12.03824],[-75.38664,-12.03562],[-75.38769,-12.03271],[-75.38674,-12.03119],[-75.38521,-12.03146],[-75.38339,-12.03485],[-75.37986,-12.03472],[-75.37654,-12.03559],[-75.37345,-12.03389],[-75.36984,-12.03319],[-75.36683,-12.03108],[-75.35356,-12.02767],[-75.35046,-12.02499],[-75.34545,-12.02287],[-75.34358,-12.02052],[-75.34294,-12.01722],[-75.34154,-12.01603],[-75.33677,-12.01503]]]},"id":"00060000000000000e7b","properties":{"ADM2_CODE":24110,"ADM2_NAME":"Concepción"}},{"type":"Feature","geometry":{"type":"Polygon","coordinates":[[[-75.43175,-11.25756],[-75.43366,-11.25857],[-75.43364,-11.26557],[-75.43759,-11.26656],[-75.43911,-11.26533],[-75.44065,-11.26554],[-75.44656,-11.27045],[-75.44763,-11.27204],[-75.445,-11.2748],[-75.44414,-11.27703],[-75.44214,-11.27931],[-75.44202,-11.28053],[-75.44314,-11.28204],[-75.43804,-11.28723],[-75.43767,-11.29156],[-75.43871,-11.29545],[-75.44001,-11.29588],[-75.44079,-11.2975],[-75.44395,-11.29837],[-75.44399,-11.30209],[-75.43595,-11.30493],[-75.43347,-11.30967],[-75.4337,-11.3161],[-75.43476,-11.32286],[-75.43297,-11.3247],[-75.43245,-11.33053],[-75.4304,-11.3314],[-75.42674,-11.32994],[-75.42068,-11.3308],[-75.41672,-11.33528],[-75.4108,-11.33694],[-75.40835,-11.33905],[-75.40417,-11.34033],[-75.40378,-11.34322],[-75.4021,-11.34557],[-75.40378,-11.34901],[-75.40299,-11.35007],[-75.4046,-11.3557],[-75.40345,-11.35787],[-75.4044,-11.36501],[-75.40548,-11.36626],[-75.40576,-11.36861],[-75.40971,-11.37185],[-75.40954,-11.37543],[-75.40832,-11.37857],[-75.40848,-11.38042],[-75.40985,-11.38221],[-75.4093,-11.3875],[-75.41394,-11.38904],[-75.4155,-11.39276],[-75.41892,-11.3934],[-75.42472,-11.39094],[-75.42977,-11.39136],[-75.43173,-11.39577],[-75.43847,-11.39957],[-75.43886,-11.40041],[-75.43819,-11.40361],[-75.44057,-11.40765],[-75.44593,-11.40774],[-75.45146,-11.41221],[-75.45297,-11.41599],[-75.45288,-11.42286],[-75.45476,-11.42477],[-75.45704,-11.42513],[-75.46124,-11.42881],[-75.46316,-11.43287],[-75.46078,-11.43554],[-75.45957,-11.44086],[-75.46119,-11.44501],[-75.45746,-11.45328],[-75.45944,-11.45557],[-75.46646,-11.46725],[-75.46937,-11.46941],[-75.47288,-11.47565],[-75.47724,-11.48159],[-75.4771,-11.48305],[-75.47953,-11.48579],[-75.47745,-11.48961],[-75.47717,-11.49203],[-75.47193,-11.49641],[-75.47198,-11.49824],[-75.47124,-11.50009],[-75.47241,-11.50291],[-75.47322,-11.50918],[-75.47157,-11.51281],[-75.47345,-11.51473],[-75.47338,-11.51699],[-75.47616,-11.52129],[-75.47848,-11.52163],[-75.48488,-11.51792],[-75.48682,-11.51585],[-75.48902,-11.51575],[-75.49201,-11.51739],[-75.4935,-11.51743],[-75.49408,-11.51391],[-75.49905,-11.5094],[-75.50323,-11.51191],[-75.50552,-11.51203],[-75.5098,-11.51568],[-75.51139,-11.51538],[-75.51382,-11.51],[-75.51801,-11.50481],[-75.52049,-11.50358],[-75.5208,-11.50189],[-75.52799,-11.4944],[-75.53133,-11.49331],[-75.53306,-11.49464],[-75.53414,-11.49694],[-75.53926,-11.49974],[-75.54028,-11.50116],[-75.54082,-11.5042],[-75.54432,-11.50611],[-75.54643,-11.50424],[-75.54882,-11.50702],[-75.55188,-11.51384],[-75.55091,-11.51847],[-75.54749,-11.52458],[-75.54762,-11.52539],[-75.54964,-11.52547],[-75.55161,-11.5294],[-75.55238,-11.53221],[-75.55451,-11.53059],[-75.56082,-11.53028],[-75.56548,-11.53282],[-75.5722,-11.54228],[-75.57176,-11.54521],[-75.56887,-11.54793],[-75.5679,-11.55149],[-75.56918,-11.55464],[-75.5625,-11.56257],[-75.5607,-11.56619],[-75.55488,-11.57242],[-75.55154,-11.57848],[-75.5498,-11.58631],[-75.54856,-11.5882],[-75.5498,-11.59308],[-75.54866,-11.59708],[-75.55143,-11.60015],[-75.5544,-11.60056],[-75.55565,-11.60002],[-75.55654,-11.59837],[-75.55739,-11.59354],[-75.55889,-11.59292],[-75.56227,-11.59321],[-75.56608,-11.59043],[-75.57117,-11.58282],[-75.57453,-11.58085],[-75.57611,-11.58119],[-75.58072,-11.58736],[-75.58141,-11.59543],[-75.5871,-11.58554],[-75.5928,-11.58241],[-75.5968,-11.57786],[-75.6002,-11.57689],[-75.60108,-11.57729],[-75.60319,-11.58272],[-75.60623,-11.58416],[-75.60907,-11.58358],[-75.61183,-11.58156],[-75.6133,-11.58128],[-75.6163,-11.58417],[-75.61799,-11.58469],[-75.62211,-11.5878],[-75.63025,-11.58478],[-75.6336,-11.57724],[-75.63399,-11.56837],[-75.63759,-11.56446],[-75.64274,-11.56391],[-75.64432,-11.5642],[-75.64896,-11.56959],[-75.65083,-11.56993],[-75.65772,-11.56416],[-75.6603,-11.56294],[-75.66716,-11.56407],[-75.67127,-11.56719],[-75.67381,-11.56705],[-75.67882,-11.56252],[-75.68272,-11.56367],[-75.68623,-11.56266],[-75.68893,-11.56019],[-75.69006,-11.55735],[-75.69283,-11.55625],[-75.69728,-11.55686],[-75.70033,-11.55576],[-75.70267,-11.5565],[-75.70609,-11.56066],[-75.7084,-11.56683],[-75.7096,-11.56776],[-75.71206,-11.56686],[-75.71281,-11.56094],[-75.7153,-11.55501],[-75.71769,-11.55243],[-75.71725,-11.54519],[-75.71869,-11.54209],[-75.72601,-11.53935],[-75.72713,-11.53377],[-75.72618,-11.53028],[-75.72681,-11.52605],[-75.72808,-11.52482],[-75.73342,-11.52374],[-75.73581,-11.52203],[-75.73712,-11.52202],[-75.7435,-11.52926],[-75.74385,-11.53194],[-75.74664,-11.53561],[-75.74843,-11.53953],[-75.75106,-11.5405],[-75.75569,-11.53938],[-75.75989,-11.54048],[-75.76652,-11.53978],[-75.77243,-11.53744],[-75.77615,-11.53877],[-75.78017,-11.54128],[-75.78768,-11.54135],[-75.79116,-11.54455],[-75.79937,-11.54434],[-75.79486,-11.55557],[-75.79331,-11.55688],[-75.79005,-11.55788],[-75.78908,-11.55904],[-75.78377,-11.57856],[-75.78226,-11.58144],[-75.78206,-11.58532],[-75.78004,-11.58937],[-75.77539,-11.59156],[-75.7755,-11.59562],[-75.76917,-11.60623],[-75.76329,-11.61458],[-75.76338,-11.61591],[-75.76601,-11.62077],[-75.76454,-11.62308],[-75.76122,-11.62492],[-75.75749,-11.62889],[-75.75807,-11.6312],[-75.75507,-11.63433],[-75.75227,-11.63917],[-75.74832,-11.64307],[-75.74287,-11.64606],[-75.74141,-11.64835],[-75.74046,-11.6532],[-75.73524,-11.65517],[-75.73347,-11.65818],[-75.72985,-11.66185],[-75.7288,-11.66516],[-75.72511,-11.66852],[-75.7196,-11.67761],[-75.71738,-11.68441],[-75.71582,-11.69156],[-75.7134,-11.69511],[-75.71442,-11.70189],[-75.70757,-11.70776],[-75.70234,-11.71036],[-75.70062,-11.7128],[-75.70659,-11.71705],[-75.71184,-11.72189],[-75.71656,-11.72637],[-75.71826,-11.72896],[-75.72413,-11.7335],[-75.72927,-11.7406],[-75.73341,-11.74512],[-75.73515,-11.74583],[-75.73474,-11.74679],[-75.74083,-11.74807],[-75.74357,-11.75151],[-75.74431,-11.75492],[-75.7479,-11.75982],[-75.7528,-11.77212],[-75.75529,-11.77445],[-75.75878,-11.77484],[-75.76727,-11.77291],[-75.76888,-11.77326],[-75.77073,-11.7762],[-75.77901,-11.77558],[-75.78393,-11.77896],[-75.78817,-11.78334],[-75.78875,-11.78486],[-75.79253,-11.78598],[-75.79779,-11.79011],[-75.8066,-11.78971],[-75.80951,-11.78828],[-75.81456,-11.78904],[-75.81793,-11.78682],[-75.8206,-11.78334],[-75.82346,-11.78156],[-75.82616,-11.77395],[-75.83049,-11.77167],[-75.83298,-11.76937],[-75.83411,-11.76758],[-75.83817,-11.76844],[-75.84403,-11.76716],[-75.84936,-11.76883],[-75.85256,-11.76788],[-75.86179,-11.77068],[-75.86971,-11.77083],[-75.87535,-11.77606],[-75.87792,-11.77638],[-75.88149,-11.77553],[-75.88405,-11.77643],[-75.88759,-11.78049],[-75.89221,-11.78419],[-75.89459,-11.79186],[-75.89121,-11.79675],[-75.89207,-11.79895],[-75.89347,-11.80025],[-75.89824,-11.80115],[-75.89936,-11.80214],[-75.89862,-11.80753],[-75.89646,-11.81386],[-75.90121,-11.82217],[-75.90129,-11.82837],[-75.898,-11.83918],[-75.89555,-11.84479],[-75.89863,-11.85342],[-75.90344,-11.85801],[-75.90451,-11.86088],[-75.90428,-11.86662],[-75.90222,-11.86907],[-75.90459,-11.87212],[-75.90662,-11.87351],[-75.91171,-11.87311],[-75.91917,-11.87609],[-75.92226,-11.87604],[-75.92457,-11.87487],[-75.92893,-11.87512],[-75.93076,-11.87347],[-75.9336,-11.87313],[-75.93626,-11.87123],[-75.94196,-11.87009],[-75.95451,-11.87104],[-75.95531,-11.87174],[-75.95556,-11.87435],[-75.95776,-11.87591],[-75.96002,-11.87648],[-75.96281,-11.87903],[-75.96924,-11.88013],[-75.97365,-11.8828],[-75.97693,-11.88742],[-75.97928,-11.89238],[-75.9843,-11.89312],[-75.98934,-11.89574],[-75.99287,-11.89887],[-76.00033,-11.89875],[-76.00987,-11.89992],[-76.0146,-11.90543],[-76.01926,-11.90052],[-76.0208,-11.89784],[-76.02348,-11.89665],[-76.02623,-11.90053],[-76.02984,-11.90859],[-76.0276,-11.91112],[-76.02697,-11.91264],[-76.02875,-11.91741],[-76.03114,-11.92113],[-76.03631,-11.93295],[-76.03874,-11.93238],[-76.04076,-11.93628],[-76.04926,-11.93898],[-76.05351,-11.93955],[-76.05241,-11.94734],[-76.04669,-11.95262],[-76.0446,-11.95266],[-76.04066,-11.9557],[-76.03751,-11.96387],[-76.0344,-11.96499],[-76.02391,-11.97286],[-76.01978,-11.97538],[-76.01557,-11.98266],[-76.0115,-11.98613],[-76.0045,-11.98416],[-76.00092,-11.98449],[-75.9949,-11.9886],[-75.99376,-11.99323],[-75.99217,-11.99386],[-75.98053,-11.98732],[-75.97536,-11.98341],[-75.97038,-11.98402],[-75.96598,-11.9874],[-75.96152,-11.98735],[-75.95911,-11.98456],[-75.95393,-11.98571],[-75.95089,-11.98751],[-75.94884,-11.9938],[-75.94641,-11.9944],[-75.93556,-11.98881],[-75.92897,-11.98396],[-75.92191,-11.98365],[-75.91884,-11.98526],[-75.91239,-11.98733],[-75.90959,-11.99172],[-75.90765,-11.99345],[-75.9072,-11.99592],[-75.90363,-11.99778],[-75.90142,-11.99693],[-75.90074,-11.99435],[-75.89612,-11.99286],[-75.89126,-11.99372],[-75.88718,-11.99273],[-75.88383,-11.99384],[-75.87609,-11.99944],[-75.86815,-12.00014],[-75.86645,-12.0013],[-75.86174,-12.00267],[-75.85564,-12.00698],[-75.84959,-12.00797],[-75.84357,-12.00666],[-75.83833,-12.01743],[-75.83639,-12.0197],[-75.83584,-12.02345],[-75.83395,-12.02479],[-75.83014,-12.02461],[-75.82841,-12.02382],[-75.82634,-12.02082],[-75.82561,-12.01603],[-75.82483,-12.01492],[-75.82252,-12.01468],[-75.82026,-12.01343],[-75.81549,-12.02052],[-75.80722,-12.02778],[-75.80346,-12.02999],[-75.80097,-12.03399],[-75.79602,-12.03655],[-75.79338,-12.03601],[-75.79132,-12.0377],[-75.78767,-12.03881],[-75.78618,-12.04019],[-75.7854,-12.04344],[-75.7814,-12.04535],[-75.77496,-12.05348],[-75.76653,-12.05899],[-75.76114,-12.05566],[-75.75278,-12.05486],[-75.74528,-12.04689],[-75.74374,-12.04387],[-75.74269,-12.03927],[-75.74183,-12.03841],[-75.73668,-12.03887],[-75.72821,-12.04298],[-75.72219,-12.04288],[-75.72007,-12.0441],[-75.71796,-12.04689],[-75.71525,-12.04666],[-75.71063,-12.04461],[-75.70714,-12.04723],[-75.70132,-12.04813],[-75.69825,-12.0446],[-75.69428,-12.04255],[-75.69167,-12.03936],[-75.68435,-12.03543],[-75.68593,-12.03142],[-75.68557,-12.028],[-75.68817,-12.02241],[-75.69079,-12.01917],[-75.69043,-12.01588],[-75.68807,-12.01267],[-75.68555,-12.01265],[-75.68356,-12.01343],[-75.67719,-12.00792],[-75.6565,-12.00853],[-75.65265,-12.01099],[-75.64897,-12.01621],[-75.63069,-12.02114],[-75.62398,-12.02212],[-75.62081,-12.02085],[-75.61671,-12.01709],[-75.61231,-12.00862],[-75.60412,-12.00433],[-75.59019,-12.00097],[-75.5817,-12.00153],[-75.579,-12.0033],[-75.57737,-12.00706],[-75.57772,-12.01028],[-75.57461,-12.01365],[-75.56889,-12.01588],[-75.56427,-12.01586],[-75.56173,-12.01831],[-75.55598,-12.0213],[-75.55354,-12.02322],[-75.55161,-12.02292],[-75.54958,-12.02492],[-75.54562,-12.02643],[-75.54333,-12.02763],[-75.53781,-12.02702],[-75.53436,-12.02718],[-75.52709,-12.0244],[-75.50868,-12.01056],[-75.503,-12.0094],[-75.49877,-12.00955],[-75.4967,-12.00856],[-75.49051,-12.00786],[-75.48383,-12.00207],[-75.48353,-12.00074],[-75.48002,-11.99755],[-75.47627,-11.99632],[-75.47302,-11.99677],[-75.47094,-11.99034],[-75.47293,-11.99069],[-75.47655,-11.98874],[-75.4759,-11.98604],[-75.47687,-11.98347],[-75.48144,-11.98127],[-75.48836,-11.97496],[-75.48994,-11.97263],[-75.49421,-11.96948],[-75.49798,-11.96787],[-75.49778,-11.96346],[-75.49647,-11.96187],[-75.4958,-11.95831],[-75.49156,-11.95423],[-75.49066,-11.9507],[-75.48423,-11.94417],[-75.48245,-11.93894],[-75.47982,-11.93687],[-75.46634,-11.93518],[-75.46228,-11.9356],[-75.45842,-11.93974],[-75.45553,-11.94787],[-75.45159,-11.95084],[-75.45115,-11.95819],[-75.44963,-11.9589],[-75.43999,-11.95711],[-75.43291,-11.95456],[-75.43096,-11.95232],[-75.42982,-11.94695],[-75.42597,-11.94619],[-75.42363,-11.94406],[-75.41847,-11.94389],[-75.4167,-11.94202],[-75.4146,-11.93619],[-75.41393,-11.9361],[-75.41125,-11.93886],[-75.40852,-11.93824],[-75.40763,-11.93407],[-75.40843,-11.92485],[-75.40661,-11.92403],[-75.40413,-11.92429],[-75.40046,-11.9224],[-75.39302,-11.92559],[-75.38417,-11.9175],[-75.3759,-11.91431],[-75.37581,-11.91256],[-75.37414,-11.91096],[-75.36308,-11.90633],[-75.35952,-11.90126],[-75.35806,-11.90026],[-75.3597,-11.89579],[-75.36411,-11.89439],[-75.36928,-11.89531],[-75.37309,-11.89039],[-75.37785,-11.88941],[-75.38149,-11.88597],[-75.3878,-11.88256],[-75.39447,-11.87982],[-75.39875,-11.87571],[-75.38645,-11.86768],[-75.37559,-11.86196],[-75.36943,-11.86934],[-75.36352,-11.866],[-75.35755,-11.86617],[-75.35113,-11.86285],[-75.3468,-11.86256],[-75.34394,-11.85968],[-75.33656,-11.85793],[-75.33315,-11.85916],[-75.3269,-11.85736],[-75.32434,-11.85556],[-75.31981,-11.85416],[-75.31311,-11.85665],[-75.31203,-11.85648],[-75.31473,-11.84926],[-75.31248,-11.84199],[-75.30158,-11.82804],[-75.28859,-11.82233],[-75.27624,-11.81389],[-75.27132,-11.8127],[-75.26725,-11.8123],[-75.26938,-11.80575],[-75.26872,-11.79995],[-75.26562,-11.79548],[-75.25753,-11.788],[-75.2493,-11.78275],[-75.24565,-11.77961],[-75.2364,-11.77735],[-75.23468,-11.7758],[-75.23485,-11.77274],[-75.23602,-11.76891],[-75.23174,-11.76588],[-75.22674,-11.76487],[-75.22466,-11.76613],[-75.22177,-11.76437],[-75.21699,-11.76508],[-75.21606,-11.76741],[-75.21308,-11.76754],[-75.21134,-11.76961],[-75.20593,-11.77084],[-75.2047,-11.7717],[-75.20142,-11.77171],[-75.19604,-11.77581],[-75.19337,-11.77556],[-75.18787,-11.77616],[-75.18727,-11.77562],[-75.18876,-11.77372],[-75.19424,-11.76978],[-75.19728,-11.76319],[-75.19895,-11.75444],[-75.20075,-11.7494],[-75.19891,-11.73533],[-75.19799,-11.73318],[-75.19415,-11.72813],[-75.19338,-11.72485],[-75.19222,-11.71942],[-75.19051,-11.71695],[-75.19292,-11.70664],[-75.19988,-11.69819],[-75.20298,-11.69211],[-75.21076,-11.68852],[-75.21435,-11.68215],[-75.21366,-11.6783],[-75.21407,-11.67657],[-75.22099,-11.67059],[-75.22135,-11.66729],[-75.22427,-11.66376],[-75.22342,-11.65992],[-75.21658,-11.65337],[-75.21237,-11.65119],[-75.21317,-11.64742],[-75.21744,-11.63768],[-75.21635,-11.63174],[-75.2131,-11.62827],[-75.21139,-11.62521],[-75.20127,-11.62749],[-75.19491,-11.62518],[-75.19809,-11.6168],[-75.19898,-11.60411],[-75.20242,-11.60004],[-75.20239,-11.59884],[-75.1983,-11.59607],[-75.19373,-11.59062],[-75.18926,-11.59077],[-75.18484,-11.58248],[-75.18837,-11.57853],[-75.18797,-11.57548],[-75.1846,-11.57258],[-75.18157,-11.57198],[-75.17744,-11.57201],[-75.17608,-11.56979],[-75.17593,-11.56721],[-75.17362,-11.56583],[-75.17215,-11.56256],[-75.17185,-11.55679],[-75.16959,-11.55115],[-75.16347,-11.54649],[-75.1623,-11.54214],[-75.16331,-11.53714],[-75.16073,-11.53347],[-75.15288,-11.53017],[-75.15101,-11.52806],[-75.14776,-11.52767],[-75.14266,-11.5254],[-75.13215,-11.52395],[-75.13052,-11.51657],[-75.12685,-11.51324],[-75.12405,-11.51183],[-75.12016,-11.5111],[-75.11435,-11.51088],[-75.11258,-11.50882],[-75.10987,-11.50754],[-75.10815,-11.50578],[-75.10596,-11.50559],[-75.10325,-11.50249],[-75.10141,-11.49834],[-75.09828,-11.49661],[-75.09459,-11.49629],[-75.09141,-11.4972],[-75.08765,-11.49662],[-75.08005,-11.49128],[-75.07583,-11.49146],[-75.07437,-11.49227],[-75.07101,-11.49151],[-75.06909,-11.49008],[-75.06377,-11.48817],[-75.06082,-11.48485],[-75.05834,-11.47914],[-75.05975,-11.4769],[-75.05985,-11.47535],[-75.05554,-11.47086],[-75.05276,-11.4703],[-75.04706,-11.4744],[-75.04387,-11.47474],[-75.03803,-11.47201],[-75.03547,-11.46782],[-75.03551,-11.46063],[-75.03279,-11.45492],[-75.0312,-11.45365],[-75.02635,-11.45264],[-75.02349,-11.45278],[-75.02209,-11.45],[-75.01598,-11.44595],[-75.01263,-11.44601],[-75.01128,-11.44415],[-75.01081,-11.43942],[-75.00901,-11.43755],[-75.00573,-11.4361],[-75.00144,-11.4283],[-74.99923,-11.42692],[-74.99309,-11.43062],[-74.99002,-11.43519],[-74.98481,-11.44018],[-74.97316,-11.43832],[-74.97317,-11.43342],[-74.97409,-11.42901],[-74.98061,-11.41995],[-74.98479,-11.41596],[-74.98614,-11.41117],[-74.99081,-11.40743],[-74.9924,-11.40517],[-74.99304,-11.40277],[-74.9967,-11.39871],[-74.998,-11.39718],[-74.99742,-11.39269],[-74.99851,-11.39033],[-74.99719,-11.38578],[-74.99635,-11.38493],[-74.99099,-11.38331],[-74.99009,-11.37886],[-74.98742,-11.3763],[-74.98773,-11.37413],[-74.98997,-11.37324],[-74.99613,-11.36844],[-75.0,-11.36174],[-75.00269,-11.35946],[-75.00851,-11.35996],[-75.01408,-11.3556],[-75.01813,-11.35464],[-75.01986,-11.35344],[-75.02605,-11.35202],[-75.02755,-11.34952],[-75.02685,-11.34723],[-75.02486,-11.3453],[-75.02583,-11.34381],[-75.02915,-11.34264],[-75.03004,-11.34123],[-75.03059,-11.33797],[-75.03559,-11.33591],[-75.31406,-11.2995],[-75.43175,-11.25756]]]},"id":"00060000000000000e7d","properties":{"ADM2_CODE":24112,"ADM2_NAME":"Jauja"}},{"type":"Feature","geometry":{"type":"Polygon","coordinates":[[[-76.27855,-10.92164],[-76.27865,-10.927],[-76.27627,-10.93315],[-76.27767,-10.93593],[-76.27837,-10.94316],[-76.27715,-10.94989],[-76.27612,-10.95054],[-76.27317,-10.94969],[-76.2718,-10.95077],[-76.27161,-10.95199],[-76.27306,-10.95558],[-76.27258,-10.95591],[-76.26953,-10.95455],[-76.26566,-10.95829],[-76.26626,-10.96012],[-76.27049,-10.96138],[-76.27014,-10.96309],[-76.2681,-10.9641],[-76.26821,-10.96567],[-76.27107,-10.96711],[-76.27102,-10.96947],[-76.2733,-10.96952],[-76.272,-10.97333],[-76.26876,-10.97572],[-76.26978,-10.97885],[-76.26623,-10.97961],[-76.26707,-10.9846],[-76.26584,-10.98844],[-76.26679,-10.99204],[-76.2632,-10.99463],[-76.26414,-10.99785],[-76.26131,-10.99959],[-76.25859,-10.99874],[-76.2563,-11.00174],[-76.25674,-11.00368],[-76.25935,-11.00522],[-76.25909,-11.00676],[-76.25662,-11.00963],[-76.25637,-11.0111],[-76.25976,-11.01336],[-76.25891,-11.01601],[-76.25372,-11.02124],[-76.25413,-11.02284],[-76.25903,-11.02486],[-76.25957,-11.02676],[-76.25664,-11.03029],[-76.25112,-11.03162],[-76.25208,-11.03507],[-76.25036,-11.03964],[-76.24346,-11.04139],[-76.2432,-11.04214],[-76.24468,-11.0444],[-76.24461,-11.04561],[-76.24356,-11.0464],[-76.24037,-11.04612],[-76.24,-11.05006],[-76.24166,-11.05131],[-76.23985,-11.05382],[-76.24172,-11.05537],[-76.24178,-11.06073],[-76.2434,-11.06658],[-76.24461,-11.06848],[-76.24469,-11.07038],[-76.24393,-11.07229],[-76.24455,-11.07712],[-76.24581,-11.07982],[-76.24815,-11.08245],[-76.24804,-11.08514],[-76.25024,-11.08901],[-76.25162,-11.10101],[-76.25024,-11.10609],[-76.24451,-11.11338],[-76.24262,-11.11494],[-76.23864,-11.11484],[-76.23506,-11.11951],[-76.23179,-11.12192],[-76.22915,-11.12826],[-76.22565,-11.12827],[-76.22468,-11.13029],[-76.22464,-11.13508],[-76.22366,-11.1362],[-76.22098,-11.13659],[-76.21854,-11.13873],[-76.21854,-11.14262],[-76.21732,-11.14571],[-76.21516,-11.14776],[-76.21477,-11.14978],[-76.2116,-11.15195],[-76.2037,-11.1491],[-76.20167,-11.15133],[-76.20192,-11.15456],[-76.20706,-11.1605],[-76.2086,-11.16785],[-76.20799,-11.16983],[-76.20576,-11.17188],[-76.20276,-11.17197],[-76.19914,-11.17141],[-76.19775,-11.17248],[-76.19753,-11.17991],[-76.19385,-11.18123],[-76.19071,-11.18129],[-76.18725,-11.18318],[-76.18278,-11.17974],[-76.18152,-11.18065],[-76.18146,-11.18161],[-76.18716,-11.18839],[-76.18783,-11.19147],[-76.18686,-11.19323],[-76.18831,-11.19634],[-76.19303,-11.20022],[-76.19253,-11.20147],[-76.18961,-11.20029],[-76.18733,-11.2017],[-76.18838,-11.20646],[-76.18452,-11.21092],[-76.18345,-11.2165],[-76.17992,-11.21917],[-76.17666,-11.21884],[-76.17208,-11.22033],[-76.16921,-11.21997],[-76.16751,-11.22163],[-76.168,-11.22435],[-76.17283,-11.22631],[-76.1736,-11.22744],[-76.17397,-11.23045],[-76.17584,-11.23065],[-76.17736,-11.2326],[-76.17721,-11.24184],[-76.17683,-11.24348],[-76.17329,-11.24887],[-76.17188,-11.2547],[-76.1692,-11.25611],[-76.1672,-11.25923],[-76.16758,-11.26407],[-76.16585,-11.26681],[-76.16456,-11.27077],[-76.15639,-11.27829],[-76.15609,-11.2814],[-76.15478,-11.28295],[-76.15377,-11.28584],[-76.15078,-11.28747],[-76.14673,-11.28854],[-76.1409,-11.29499],[-76.13995,-11.29738],[-76.13973,-11.30168],[-76.13864,-11.30515],[-76.13577,-11.30707],[-76.13379,-11.30967],[-76.13406,-11.3114],[-76.13712,-11.31356],[-76.13561,-11.31502],[-76.13056,-11.31786],[-76.12416,-11.325],[-76.12182,-11.32421],[-76.11938,-11.32815],[-76.11013,-11.3323],[-76.10765,-11.33525],[-76.10621,-11.34328],[-76.10635,-11.34825],[-76.10445,-11.35261],[-76.10206,-11.35414],[-76.09577,-11.36248],[-76.09484,-11.36891],[-76.09346,-11.37301],[-76.08553,-11.38],[-76.0815,-11.38673],[-76.07597,-11.38425],[-76.0705,-11.38652],[-76.06763,-11.38334],[-76.06492,-11.38272],[-76.06293,-11.38388],[-76.06101,-11.38377],[-76.05713,-11.37988],[-76.05581,-11.37771],[-76.05003,-11.37773],[-76.04842,-11.37695],[-76.04709,-11.37509],[-76.04589,-11.37148],[-76.04323,-11.37121],[-76.0406,-11.37306],[-76.03784,-11.37725],[-76.03404,-11.37683],[-76.03096,-11.3741],[-76.02793,-11.37928],[-76.0262,-11.37947],[-76.02412,-11.37698],[-76.02077,-11.37287],[-76.01835,-11.37332],[-76.01327,-11.37554],[-76.01031,-11.37153],[-76.00812,-11.3666],[-76.00609,-11.36443],[-76.00336,-11.36433],[-76.00062,-11.36536],[-75.99271,-11.36244],[-75.98856,-11.3592],[-75.98021,-11.35732],[-75.97663,-11.35387],[-75.97201,-11.35365],[-75.96955,-11.35206],[-75.96982,-11.34402],[-75.96842,-11.34233],[-75.96389,-11.33956],[-75.96131,-11.3338],[-75.95981,-11.33279],[-75.95223,-11.33356],[-75.94598,-11.33542],[-75.93877,-11.33414],[-75.93223,-11.33108],[-75.9298,-11.33228],[-75.92749,-11.33244],[-75.92431,-11.32963],[-75.92194,-11.32972],[-75.91863,-11.33187],[-75.91452,-11.33159],[-75.90939,-11.33289],[-75.90247,-11.33631],[-75.89598,-11.33657],[-75.89041,-11.33319],[-75.89676,-11.31733],[-75.90401,-11.3115],[-75.90726,-11.30926],[-75.91674,-11.29854],[-75.91234,-11.29678],[-75.91166,-11.29509],[-75.92472,-11.28006],[-75.94499,-11.24458],[-75.97161,-11.21333],[-75.96199,-11.21648],[-75.94569,-11.21776],[-75.9402,-11.21706],[-75.93558,-11.21739],[-75.93277,-11.21681],[-75.92955,-11.21856],[-75.92336,-11.21944],[-75.92105,-11.21838],[-75.91492,-11.21191],[-75.91462,-11.20936],[-75.91085,-11.20368],[-75.90721,-11.20129],[-75.90187,-11.20034],[-75.89978,-11.19877],[-75.90019,-11.19397],[-75.89962,-11.19233],[-75.90072,-11.18512],[-75.90383,-11.17684],[-75.90302,-11.17519],[-75.89746,-11.17419],[-75.89691,-11.17197],[-75.89762,-11.16827],[-75.89639,-11.166],[-75.89133,-11.16397],[-75.88446,-11.15778],[-75.88475,-11.15631],[-75.89147,-11.15135],[-75.89082,-11.14961],[-75.88824,-11.14943],[-75.88524,-11.14744],[-75.88352,-11.14391],[-75.87984,-11.14135],[-75.87745,-11.14062],[-75.86967,-11.14169],[-75.86237,-11.14472],[-75.85934,-11.14405],[-75.85555,-11.14002],[-75.85443,-11.13391],[-75.8523,-11.12793],[-75.85214,-11.11985],[-75.85103,-11.11935],[-75.84475,-11.12045],[-75.8398,-11.11956],[-75.83744,-11.11651],[-75.83661,-11.1089],[-75.83746,-11.10432],[-75.83328,-11.09707],[-75.83331,-11.09284],[-75.83873,-11.084],[-75.83733,-11.07802],[-75.83817,-11.06972],[-75.83577,-11.06566],[-75.83485,-11.06349],[-75.8341,-11.05587],[-75.83215,-11.05088],[-75.83124,-11.05027],[-75.82168,-11.04941],[-75.81681,-11.05119],[-75.81415,-11.05076],[-75.81287,-11.04916],[-75.8131,-11.04151],[-75.81449,-11.03828],[-75.81738,-11.03402],[-75.81126,-11.03055],[-75.80442,-11.02268],[-75.80297,-11.01876],[-75.80219,-11.01371],[-75.797,-11.00986],[-75.79559,-11.00784],[-75.78783,-11.00496],[-75.78413,-10.99927],[-75.78133,-10.99769],[-75.77406,-10.99979],[-75.76348,-11.00883],[-75.76204,-11.01047],[-75.75674,-11.01028],[-75.75208,-11.00596],[-75.7442,-11.0029],[-75.73957,-11.00054],[-75.73788,-11.00167],[-75.73499,-11.00107],[-75.73175,-11.00124],[-75.72856,-10.99971],[-75.72738,-10.99823],[-75.72557,-10.99349],[-75.72576,-10.9901],[-75.72133,-10.98957],[-75.71962,-10.98746],[-75.71929,-10.98511],[-75.71609,-10.98345],[-75.71501,-10.98127],[-75.70886,-10.98048],[-75.70567,-10.97849],[-75.70215,-10.97461],[-75.70074,-10.97127],[-75.69656,-10.96863],[-75.69465,-10.9687],[-75.69035,-10.96635],[-75.68681,-10.96649],[-75.68557,-10.96351],[-75.6829,-10.96474],[-75.682,-10.9645],[-75.68108,-10.96183],[-75.67788,-10.95854],[-75.67766,-10.95371],[-75.67577,-10.95281],[-75.67446,-10.95032],[-75.671,-10.9511],[-75.66749,-10.94905],[-75.66232,-10.9507],[-75.6605,-10.95209],[-75.65671,-10.95318],[-75.6531,-10.95627],[-75.65243,-10.95815],[-75.6492,-10.95959],[-75.64483,-10.95905],[-75.64356,-10.95726],[-75.64144,-10.95706],[-75.63607,-10.95917],[-75.62997,-10.95971],[-75.62372,-10.95918],[-75.61987,-10.9605],[-75.61535,-10.96114],[-75.61124,-10.95981],[-75.60934,-10.95829],[-75.6061,-10.95809],[-75.60341,-10.95675],[-75.60065,-10.95443],[-75.59512,-10.95555],[-75.59221,-10.95692],[-75.58789,-10.95577],[-75.58276,-10.95333],[-75.5688,-10.95433],[-75.56662,-10.95378],[-75.56296,-10.95707],[-75.55784,-10.9573],[-75.55248,-10.95594],[-75.55125,-10.95305],[-75.55132,-10.95134],[-75.5486,-10.94974],[-75.54465,-10.9506],[-75.54246,-10.95162],[-75.53933,-10.9508],[-75.53567,-10.9483],[-75.53158,-10.95107],[-75.52156,-10.95005],[-75.5176,-10.95363],[-75.5152,-10.95297],[-75.5117,-10.95652],[-75.50796,-10.962],[-75.50205,-10.96202],[-75.50124,-10.96138],[-75.50029,-10.95758],[-75.4961,-10.95036],[-75.49594,-10.94204],[-75.49436,-10.93646],[-75.49659,-10.9308],[-75.49646,-10.92524],[-75.49215,-10.92105],[-75.48389,-10.91682],[-75.47879,-10.91673],[-75.47206,-10.91309],[-75.46987,-10.91096],[-75.46633,-10.9087],[-75.46585,-10.9056],[-75.46633,-10.90482],[-75.46868,-10.90462],[-75.47599,-10.90034],[-75.48576,-10.89259],[-75.48925,-10.88395],[-75.48673,-10.878],[-75.48895,-10.86708],[-75.48799,-10.86525],[-75.48926,-10.8551],[-75.48997,-10.8533],[-75.49307,-10.85054],[-75.49332,-10.84777],[-75.49075,-10.84498],[-75.48929,-10.84033],[-75.48956,-10.8373],[-75.49135,-10.83162],[-75.49075,-10.8239],[-75.48716,-10.81475],[-75.48116,-10.80609],[-75.47631,-10.8015],[-75.47355,-10.79905],[-75.47007,-10.79778],[-75.46905,-10.79572],[-75.46094,-10.78692],[-75.45909,-10.7854],[-75.45963,-10.77904],[-75.46093,-10.7745],[-75.46796,-10.76648],[-75.46918,-10.76991],[-75.46941,-10.77532],[-75.47279,-10.77924],[-75.47707,-10.78066],[-75.48084,-10.77912],[-75.48223,-10.7762],[-75.48169,-10.76956],[-75.48248,-10.76509],[-75.48354,-10.76518],[-75.48577,-10.76394],[-75.48658,-10.76185],[-75.48892,-10.75999],[-75.48924,-10.75665],[-75.49363,-10.75484],[-75.49478,-10.75538],[-75.49683,-10.75812],[-75.4983,-10.75756],[-75.499,-10.75565],[-75.50015,-10.75493],[-75.50179,-10.75813],[-75.50256,-10.75831],[-75.50903,-10.75409],[-75.51334,-10.75643],[-75.51635,-10.75426],[-75.5211,-10.75445],[-75.52612,-10.74993],[-75.52948,-10.74826],[-75.53103,-10.7435],[-75.53242,-10.74376],[-75.53583,-10.74209],[-75.53911,-10.74211],[-75.54127,-10.74077],[-75.54459,-10.74145],[-75.54914,-10.74563],[-75.5528,-10.74534],[-75.55679,-10.74359],[-75.55721,-10.7423],[-75.55931,-10.74036],[-75.55911,-10.738],[-75.56099,-10.73536],[-75.5625,-10.73019],[-75.56739,-10.72709],[-75.56912,-10.73777],[-75.57161,-10.74149],[-75.57385,-10.74886],[-75.57427,-10.76017],[-75.57346,-10.76781],[-75.57564,-10.77254],[-75.57536,-10.78111],[-75.57878,-10.7896],[-75.57939,-10.79361],[-75.58161,-10.79684],[-75.5834,-10.80212],[-75.58919,-10.80604],[-75.58999,-10.80862],[-75.59341,-10.81176],[-75.60067,-10.81452],[-75.60646,-10.8233],[-75.60841,-10.82412],[-75.61493,-10.82369],[-75.63276,-10.82676],[-75.64953,-10.82499],[-75.66193,-10.82683],[-75.66527,-10.82797],[-75.67174,-10.83332],[-75.6728,-10.83633],[-75.67506,-10.83823],[-75.67891,-10.83966],[-75.69024,-10.83679],[-75.69294,-10.83502],[-75.69326,-10.83285],[-75.68903,-10.82798],[-75.68922,-10.82551],[-75.69161,-10.81898],[-75.69337,-10.81692],[-75.70736,-10.81575],[-75.7157,-10.81099],[-75.72383,-10.80881],[-75.73292,-10.80911],[-75.74017,-10.81727],[-75.74168,-10.82027],[-75.74659,-10.82366],[-75.75203,-10.82544],[-75.76039,-10.83018],[-75.76284,-10.83019],[-75.76822,-10.82838],[-75.77133,-10.82637],[-75.78755,-10.82502],[-75.79228,-10.82783],[-75.79955,-10.83409],[-75.80474,-10.83732],[-75.80819,-10.84116],[-75.81498,-10.84712],[-75.81849,-10.85429],[-75.819,-10.85885],[-75.81666,-10.86158],[-75.81307,-10.86345],[-75.81341,-10.86633],[-75.81912,-10.87367],[-75.82135,-10.87407],[-75.82367,-10.87297],[-75.82622,-10.87357],[-75.83367,-10.88123],[-75.8366,-10.88502],[-75.83798,-10.88543],[-75.84121,-10.88483],[-75.84968,-10.88091],[-75.85045,-10.87995],[-75.85107,-10.87489],[-75.8602,-10.86765],[-75.86311,-10.87259],[-75.86439,-10.87642],[-75.86587,-10.87664],[-75.8746,-10.86823],[-75.87878,-10.86844],[-75.88136,-10.87028],[-75.88792,-10.86811],[-75.89358,-10.86998],[-75.89471,-10.86923],[-75.90708,-10.86949],[-75.91631,-10.87404],[-75.91794,-10.87635],[-75.91897,-10.88096],[-75.92271,-10.88302],[-75.93115,-10.88296],[-75.93543,-10.88578],[-75.938,-10.88306],[-75.93842,-10.87622],[-75.93801,-10.87024],[-75.94775,-10.86524],[-75.95728,-10.85583],[-75.95828,-10.85405],[-75.95802,-10.84963],[-75.95873,-10.84759],[-75.96181,-10.84523],[-75.96772,-10.84426],[-75.97105,-10.84271],[-75.97323,-10.84048],[-75.97826,-10.83234],[-75.99118,-10.82123],[-75.99421,-10.82074],[-75.99646,-10.82154],[-75.99828,-10.82442],[-76.00101,-10.826],[-76.00207,-10.82754],[-76.00462,-10.8274],[-76.0071,-10.82906],[-76.00777,-10.83067],[-76.00837,-10.83838],[-76.01339,-10.84098],[-76.02347,-10.85403],[-76.03105,-10.85999],[-76.03536,-10.86432],[-76.04289,-10.87487],[-76.04489,-10.87932],[-76.05152,-10.88271],[-76.05755,-10.88232],[-76.06189,-10.88339],[-76.06472,-10.88526],[-76.0677,-10.88547],[-76.07318,-10.89103],[-76.08205,-10.89421],[-76.08226,-10.8966],[-76.08459,-10.89787],[-76.08483,-10.89927],[-76.08656,-10.90004],[-76.08821,-10.90443],[-76.09146,-10.90648],[-76.0923,-10.91017],[-76.09174,-10.91214],[-76.09325,-10.91639],[-76.0942,-10.91713],[-76.09473,-10.92018],[-76.09599,-10.92223],[-76.09795,-10.9226],[-76.09885,-10.92453],[-76.09869,-10.92972],[-76.10346,-10.93249],[-76.1056,-10.93823],[-76.10951,-10.94162],[-76.1096,-10.94591],[-76.11417,-10.94836],[-76.11851,-10.95298],[-76.12198,-10.96026],[-76.12342,-10.96111],[-76.1244,-10.96061],[-76.12042,-10.95531],[-76.12254,-10.95147],[-76.12606,-10.95008],[-76.12724,-10.95099],[-76.13,-10.94887],[-76.13255,-10.94826],[-76.13261,-10.94689],[-76.13631,-10.94593],[-76.13963,-10.9498],[-76.14259,-10.94812],[-76.14484,-10.9454],[-76.14758,-10.94595],[-76.15146,-10.94886],[-76.15721,-10.94863],[-76.16008,-10.94931],[-76.16784,-10.94699],[-76.16937,-10.94787],[-76.16961,-10.95021],[-76.168,-10.95241],[-76.16839,-10.95304],[-76.16934,-10.95226],[-76.17043,-10.95297],[-76.17207,-10.95171],[-76.17287,-10.95378],[-76.17469,-10.95352],[-76.1753,-10.95427],[-76.17734,-10.95429],[-76.18169,-10.95806],[-76.18563,-10.95885],[-76.18752,-10.96015],[-76.18973,-10.95897],[-76.19149,-10.95914],[-76.19155,-10.95625],[-76.19453,-10.95628],[-76.19452,-10.95215],[-76.19555,-10.95123],[-76.19834,-10.9508],[-76.19865,-10.94663],[-76.1996,-10.94469],[-76.20345,-10.94296],[-76.20709,-10.94324],[-76.20992,-10.93948],[-76.20818,-10.93624],[-76.21236,-10.93246],[-76.21241,-10.93084],[-76.20865,-10.92888],[-76.20798,-10.92683],[-76.2089,-10.92518],[-76.20903,-10.91995],[-76.21052,-10.91808],[-76.21439,-10.91743],[-76.21673,-10.91801],[-76.22394,-10.91446],[-76.22814,-10.91582],[-76.22978,-10.91526],[-76.2298,-10.91821],[-76.23117,-10.91902],[-76.23487,-10.91752],[-76.24314,-10.92096],[-76.24594,-10.92148],[-76.24674,-10.92318],[-76.24914,-10.92302],[-76.24959,-10.92404],[-76.25552,-10.9221],[-76.25644,-10.9229],[-76.26082,-10.91975],[-76.26334,-10.92072],[-76.26697,-10.92053],[-76.2696,-10.92192],[-76.27522,-10.91871],[-76.2768,-10.91847],[-76.2769,-10.91967],[-76.27855,-10.92164]]]},"id":"00060000000000000e7e","properties":{"ADM2_CODE":24113,"ADM2_NAME":"Junín"}},{"type":"Feature","geometry":{"type":"Polygon","coordinates":[[[-73.99528,-12.23313],[-73.98652,-12.22714],[-73.98089,-12.22619],[-73.9734,-12.22724],[-73.97098,-12.22592],[-73.96876,-12.21918],[-73.9612,-12.21187],[-73.9593,-12.21227],[-73.95879,-12.2142],[-73.95281,-12.21728],[-73.95018,-12.22039],[-73.94267,-12.22312],[-73.93778,-12.22366],[-73.9271,-12.22707],[-73.92345,-12.23033],[-73.91962,-12.23104],[-73.9162,-12.23379],[-73.91401,-12.23684],[-73.91109,-12.23896],[-73.90696,-12.24507],[-73.90366,-12.25979],[-73.89169,-12.27261],[-73.88554,-12.27793],[-73.87874,-12.28724],[-73.87375,-12.29218],[-73.87099,-12.29285],[-73.86822,-12.29606],[-73.86648,-12.29916],[-73.85683,-12.30657],[-73.8567,-12.30881],[-73.85872,-12.31122],[-73.85867,-12.31393],[-73.85647,-12.31656],[-73.85577,-12.32026],[-73.854,-12.32212],[-73.84853,-12.32399],[-73.84496,-12.3314],[-73.83978,-12.3358],[-73.83696,-12.34257],[-73.83598,-12.34722],[-73.82782,-12.36054],[-73.82612,-12.36524],[-73.82466,-12.36622],[-73.81805,-12.36767],[-73.8133,-12.36611],[-73.8088,-12.36212],[-73.80646,-12.36097],[-73.80424,-12.36104],[-73.802,-12.36235],[-73.79724,-12.36826],[-73.79757,-12.37025],[-73.80147,-12.37656],[-73.80135,-12.38033],[-73.79804,-12.38432],[-73.79208,-12.38727],[-73.78525,-12.38759],[-73.77744,-12.39044],[-73.76941,-12.39739],[-73.76633,-12.40249],[-73.76204,-12.40504],[-73.76045,-12.40684],[-73.75964,-12.41325],[-73.76001,-12.41763],[-73.75758,-12.42167],[-73.75207,-12.42559],[-73.74546,-12.42844],[-73.74358,-12.4271],[-73.74179,-12.4243],[-73.74178,-12.41918],[-73.73891,-12.41399],[-73.73776,-12.40972],[-73.73984,-12.40085],[-73.73893,-12.39517],[-73.73637,-12.39122],[-73.72679,-12.38595],[-73.72537,-12.38414],[-73.72562,-12.37854],[-73.72836,-12.37215],[-73.72742,-12.36775],[-73.72283,-12.36172],[-73.72066,-12.3554],[-73.71795,-12.35291],[-73.71149,-12.35162],[-73.70721,-12.3516],[-73.70218,-12.34596],[-73.69386,-12.34408],[-73.68527,-12.34585],[-73.68082,-12.34556],[-73.67621,-12.34734],[-73.67457,-12.34655],[-73.67244,-12.34379],[-73.66909,-12.34215],[-73.65806,-12.34236],[-73.65732,-12.34458],[-73.6599,-12.34891],[-73.65969,-12.35179],[-73.65543,-12.35663],[-73.6543,-12.36243],[-73.6505,-12.3656],[-73.64898,-12.36578],[-73.64486,-12.36344],[-73.6431,-12.36349],[-73.6404,-12.36609],[-73.63999,-12.36982],[-73.63817,-12.37131],[-73.63434,-12.37142],[-73.62838,-12.37489],[-73.62037,-12.37597],[-73.61087,-12.37988],[-73.6065,-12.38404],[-73.60268,-12.39212],[-73.59806,-12.39575],[-73.59472,-12.39551],[-73.58931,-12.39212],[-73.58717,-12.38815],[-73.58971,-12.3833],[-73.58811,-12.36846],[-73.59102,-12.36168],[-73.58958,-12.34952],[-73.59086,-12.34051],[-73.59042,-12.33253],[-73.58759,-12.31577],[-73.58757,-12.31023],[-73.5907,-12.30348],[-73.59045,-12.29932],[-73.58719,-12.29713],[-73.58188,-12.29676],[-73.58039,-12.29458],[-73.57951,-12.28725],[-73.578,-12.2845],[-73.57808,-12.28128],[-73.57482,-12.2773],[-73.5702,-12.27673],[-73.56619,-12.27724],[-73.56484,-12.27638],[-73.55999,-12.27585],[-73.55939,-12.27504],[-73.559,-12.26811],[-73.5517,-12.26234],[-73.548,-12.26216],[-73.54452,-12.2609],[-73.5399,-12.26183],[-73.53809,-12.26037],[-73.53513,-12.25924],[-73.53101,-12.25359],[-73.52672,-12.2525],[-73.52344,-12.24999],[-73.52159,-12.24932],[-73.51661,-12.24976],[-73.51397,-12.2509],[-73.50933,-12.25485],[-73.50229,-12.25484],[-73.49961,-12.25291],[-73.48569,-12.24608],[-73.47266,-12.23802],[-73.47283,-12.22618],[-73.46936,-12.2225],[-73.46525,-12.2041],[-73.45911,-12.1892],[-73.44959,-12.17319],[-73.43754,-12.16209],[-73.41616,-12.15014],[-73.40805,-12.1474],[-73.38428,-12.14399],[-73.38084,-12.14298],[-73.37601,-12.14039],[-73.37074,-12.13918],[-73.36156,-12.1401],[-73.3538,-12.14309],[-73.35118,-12.14193],[-73.3496,-12.1394],[-73.34957,-12.13723],[-73.35177,-12.13361],[-73.35548,-12.1303],[-73.35823,-12.12592],[-73.35818,-12.12394],[-73.35539,-12.11593],[-73.35525,-12.11336],[-73.35642,-12.1107],[-73.35977,-12.10966],[-73.36522,-12.11102],[-73.37041,-12.10896],[-73.37279,-12.10659],[-73.37415,-12.10652],[-73.37547,-12.10489],[-73.37695,-12.10473],[-73.38077,-12.10299],[-73.38489,-12.10363],[-73.38843,-12.10124],[-73.39192,-12.09969],[-73.39695,-12.09361],[-73.40044,-12.09054],[-73.40267,-12.08014],[-73.40166,-12.06037],[-73.40295,-12.05708],[-73.40041,-12.04577],[-73.39877,-12.02122],[-73.40007,-12.01711],[-73.40134,-12.0158],[-73.40724,-12.01305],[-73.40875,-12.01111],[-73.41784,-12.01298],[-73.4203,-12.01416],[-73.42341,-12.01379],[-73.42626,-12.00931],[-73.42738,-12.00005],[-73.43478,-11.99855],[-73.43778,-11.99511],[-73.43803,-11.99071],[-73.4311,-11.98352],[-73.43182,-11.97957],[-73.43377,-11.97726],[-73.4365,-11.97566],[-73.43956,-11.97218],[-73.44349,-11.96495],[-73.44529,-11.95691],[-73.445,-11.9494],[-73.4496,-11.93422],[-73.44943,-11.93193],[-73.44695,-11.92633],[-73.44481,-11.91734],[-73.44628,-11.91075],[-73.44884,-11.90682],[-73.45304,-11.89709],[-73.4566,-11.88234],[-73.4551,-11.87514],[-73.45572,-11.86958],[-73.45897,-11.86704],[-73.46534,-11.86445],[-73.46991,-11.86041],[-73.48067,-11.84637],[-73.48349,-11.8365],[-73.48524,-11.83565],[-73.49683,-11.83935],[-73.51131,-11.83932],[-73.51637,-11.83815],[-73.52657,-11.8326],[-73.53421,-11.82636],[-73.54578,-11.81284],[-73.55305,-11.80179],[-73.56447,-11.79474],[-73.57165,-11.79133],[-73.57744,-11.78564],[-73.57972,-11.7771],[-73.57903,-11.76881],[-73.57768,-11.76666],[-73.57287,-11.76382],[-73.57001,-11.75807],[-73.56938,-11.74976],[-73.57015,-11.7398],[-73.57248,-11.73492],[-73.58366,-11.71771],[-73.58856,-11.71183],[-73.59173,-11.70601],[-73.59694,-11.70003],[-73.60454,-11.68647],[-73.60874,-11.68041],[-73.61215,-11.66621],[-73.61513,-11.65878],[-73.61455,-11.64979],[-73.61349,-11.64723],[-73.60436,-11.63749],[-73.60318,-11.63461],[-73.60421,-11.62179],[-73.60169,-11.61756],[-73.59454,-11.612],[-73.58826,-11.60282],[-73.58462,-11.59412],[-73.57159,-11.58203],[-73.56297,-11.57267],[-73.54802,-11.56513],[-73.54485,-11.56207],[-73.54351,-11.55895],[-73.53619,-11.55016],[-73.5249,-11.53936],[-73.52036,-11.53219],[-73.51049,-11.52044],[-73.50293,-11.5199],[-73.5009,-11.51619],[-73.49323,-11.51578],[-73.47844,-11.51904],[-73.47414,-11.51834],[-73.4725,-11.51735],[-73.46988,-11.51404],[-73.46576,-11.50606],[-73.46012,-11.50351],[-73.45568,-11.50246],[-73.45524,-11.50149],[-73.45581,-11.49687],[-73.45953,-11.49265],[-73.4616,-11.48723],[-73.46427,-11.48418],[-73.46726,-11.47869],[-73.47394,-11.4741],[-73.47753,-11.46671],[-73.47586,-11.462],[-73.4731,-11.45745],[-73.47456,-11.45583],[-73.47309,-11.45193],[-73.46783,-11.44556],[-73.46769,-11.44299],[-73.46492,-11.43982],[-73.45981,-11.43631],[-73.45697,-11.43623],[-73.45404,-11.43119],[-73.45156,-11.42887],[-73.45328,-11.42655],[-73.45078,-11.42137],[-73.44759,-11.41988],[-73.44379,-11.41429],[-73.44329,-11.41014],[-73.43979,-11.40654],[-73.43795,-11.40303],[-73.43385,-11.40046],[-73.43281,-11.39852],[-73.42687,-11.39532],[-73.42386,-11.39184],[-73.4221,-11.38538],[-73.41695,-11.38109],[-73.42163,-11.3767],[-73.4275,-11.37588],[-73.43333,-11.37118],[-73.43692,-11.36974],[-73.44106,-11.37044],[-73.44445,-11.37359],[-73.446,-11.37293],[-73.44708,-11.37136],[-73.44807,-11.36652],[-73.45104,-11.36207],[-73.45221,-11.35841],[-73.45784,-11.35407],[-73.46048,-11.35357],[-73.46354,-11.34805],[-73.46449,-11.34188],[-73.46564,-11.34057],[-73.46822,-11.34017],[-73.4729,-11.34419],[-73.47729,-11.34998],[-73.47838,-11.35049],[-73.48069,-11.34925],[-73.48334,-11.34185],[-73.48312,-11.33702],[-73.47861,-11.32781],[-73.4782,-11.32347],[-73.47768,-11.32048],[-73.47932,-11.31847],[-73.48224,-11.31527],[-73.48118,-11.31319],[-73.4782,-11.31099],[-73.47613,-11.30829],[-73.47131,-11.30473],[-73.46905,-11.3039],[-73.46215,-11.30369],[-73.4563,-11.3007],[-73.45567,-11.29856],[-73.45816,-11.29364],[-73.46146,-11.29095],[-73.46005,-11.28451],[-73.46117,-11.27984],[-73.4596,-11.2766],[-73.45869,-11.27137],[-73.45291,-11.26097],[-73.4528,-11.24452],[-73.44742,-11.23302],[-73.4476,-11.22904],[-73.44864,-11.22469],[-73.44635,-11.21881],[-73.44744,-11.21745],[-73.45091,-11.21907],[-73.45227,-11.21776],[-73.45329,-11.2159],[-73.45527,-11.21395],[-73.45471,-11.20958],[-73.45795,-11.20409],[-73.45809,-11.20124],[-73.45576,-11.1948],[-73.45687,-11.19093],[-73.45949,-11.18608],[-73.45953,-11.18446],[-73.46157,-11.18172],[-73.46119,-11.17874],[-73.45969,-11.17604],[-73.46179,-11.17252],[-73.46235,-11.16837],[-73.4636,-11.16309],[-73.45911,-11.15359],[-73.45814,-11.14598],[-73.45971,-11.14273],[-73.46949,-11.13372],[-73.47403,-11.12499],[-73.47356,-11.12182],[-73.46995,-11.11884],[-73.46523,-11.11626],[-73.46488,-11.10704],[-73.46671,-11.10277],[-73.4719,-11.09669],[-73.47213,-11.09417],[-73.46894,-11.08964],[-73.4687,-11.08477],[-73.47087,-11.07873],[-73.47473,-11.07465],[-73.47668,-11.06902],[-73.48069,-11.06186],[-73.48835,-11.05792],[-73.49124,-11.05849],[-73.49641,-11.06183],[-73.49951,-11.06125],[-73.50358,-11.05798],[-73.50708,-11.05736],[-73.51333,-11.05938],[-73.51922,-11.05919],[-73.52218,-11.05687],[-73.52596,-11.05636],[-73.5323,-11.04921],[-73.53896,-11.04372],[-73.54082,-11.04024],[-73.54173,-11.0331],[-73.54224,-11.02121],[-73.54659,-11.01453],[-73.54737,-11.00731],[-73.54953,-11.00533],[-73.54829,-11.00317],[-73.54949,-11.00219],[-73.55366,-11.00198],[-73.55533,-11.00046],[-73.55459,-10.99638],[-73.55345,-10.99387],[-73.55755,-10.98948],[-73.55907,-10.98529],[-73.55901,-10.9747],[-73.56633,-10.968],[-73.56956,-10.96094],[-73.57189,-10.95753],[-73.57271,-10.9525],[-73.57056,-10.94563],[-73.56441,-10.93437],[-73.56619,-10.92118],[-73.56547,-10.9154],[-73.56721,-10.91064],[-73.56669,-10.90281],[-73.56416,-10.89795],[-73.56426,-10.89263],[-73.56377,-10.89071],[-73.56774,-10.88418],[-73.57643,-10.87969],[-73.58342,-10.86385],[-73.58798,-10.85492],[-73.59064,-10.85255],[-73.59697,-10.85174],[-73.60928,-10.84802],[-73.61567,-10.84355],[-73.62901,-10.83029],[-73.63284,-10.82787],[-73.6372,-10.82306],[-73.63988,-10.82209],[-73.64291,-10.81913],[-73.64823,-10.81599],[-73.65107,-10.81282],[-73.65454,-10.81155],[-73.65756,-10.80845],[-73.66047,-10.80704],[-73.66156,-10.80503],[-73.66155,-10.80313],[-73.66219,-10.80255],[-73.66743,-10.80211],[-73.66834,-10.79899],[-73.66624,-10.79416],[-73.66724,-10.79258],[-73.67139,-10.78943],[-73.6724,-10.78836],[-73.67719,-10.78972],[-73.68065,-10.78805],[-73.68484,-10.78312],[-73.68914,-10.77964],[-73.69705,-10.77333],[-73.70503,-10.77118],[-73.71048,-10.76377],[-73.71649,-10.75909],[-73.72618,-10.75697],[-73.73193,-10.75384],[-73.73423,-10.75072],[-73.73554,-10.74581],[-73.73596,-10.73868],[-73.73899,-10.73518],[-73.74312,-10.73397],[-73.75466,-10.73612],[-73.76134,-10.73754],[-73.76921,-10.74378],[-73.77002,-10.75022],[-73.77248,-10.75429],[-73.77318,-10.75806],[-73.7756,-10.75951],[-73.78045,-10.75917],[-73.78198,-10.76006],[-73.78168,-10.76548],[-73.77878,-10.77397],[-73.78062,-10.77958],[-73.78116,-10.78373],[-73.78716,-10.79292],[-73.78909,-10.7958],[-73.79202,-10.79692],[-73.7909,-10.80729],[-73.7944,-10.81377],[-73.79918,-10.81629],[-73.80322,-10.81548],[-73.8083,-10.81079],[-73.81113,-10.8091],[-73.81435,-10.80957],[-73.81717,-10.81228],[-73.81842,-10.82411],[-73.81724,-10.82993],[-73.82281,-10.8347],[-73.82203,-10.84338],[-73.8176,-10.84907],[-73.81673,-10.85889],[-73.81798,-10.86254],[-73.81841,-10.86768],[-73.81908,-10.87304],[-73.82098,-10.87864],[-73.81867,-10.88153],[-73.81608,-10.88195],[-73.81412,-10.8838],[-73.81313,-10.88834],[-73.81524,-10.89164],[-73.81727,-10.89302],[-73.81866,-10.89479],[-73.82013,-10.89496],[-73.82095,-10.89595],[-73.81776,-10.90116],[-73.82091,-10.90477],[-73.82498,-10.90784],[-73.827,-10.91103],[-73.82701,-10.91297],[-73.82369,-10.91947],[-73.82393,-10.92189],[-73.82999,-10.92791],[-73.83202,-10.93316],[-73.83425,-10.93432],[-73.83726,-10.93439],[-73.84088,-10.9387],[-73.84353,-10.9404],[-73.84341,-10.94316],[-73.84615,-10.94978],[-73.85026,-10.95241],[-73.85665,-10.959],[-73.85821,-10.97089],[-73.85966,-10.9732],[-73.86191,-10.97437],[-73.86324,-10.97795],[-73.86174,-10.98491],[-73.86391,-10.99143],[-73.8632,-10.994],[-73.86466,-10.99867],[-73.86436,-11.00215],[-73.86361,-11.00327],[-73.86348,-11.00739],[-73.86451,-11.01234],[-73.86481,-11.01887],[-73.86686,-11.02496],[-73.86653,-11.03091],[-73.86717,-11.03589],[-73.86556,-11.04568],[-73.86447,-11.06208],[-73.8629,-11.0701],[-73.86334,-11.09195],[-73.8648,-11.09788],[-73.86404,-11.11297],[-73.86235,-11.11783],[-73.86112,-11.13094],[-73.8623,-11.13763],[-73.8608,-11.14837],[-73.8603,-11.15436],[-73.86277,-11.15977],[-73.86558,-11.16257],[-73.87348,-11.16657],[-73.8756,-11.16922],[-73.87889,-11.17652],[-73.88605,-11.18077],[-73.88695,-11.18206],[-73.88947,-11.18201],[-73.89895,-11.1709],[-73.90654,-11.16571],[-73.91441,-11.16331],[-73.92328,-11.16197],[-73.92743,-11.16322],[-73.9342,-11.16241],[-73.94515,-11.15532],[-73.94788,-11.15309],[-73.95618,-11.15002],[-73.96028,-11.14023],[-73.96544,-11.1353],[-73.96831,-11.13083],[-73.97411,-11.12761],[-73.97734,-11.12146],[-73.98125,-11.10188],[-73.98069,-11.09611],[-73.9834,-11.09305],[-73.97823,-11.08454],[-73.97858,-11.0703],[-73.98045,-11.06661],[-73.98785,-11.05682],[-73.99003,-11.05059],[-73.99286,-11.02654],[-73.99521,-11.01917],[-73.99731,-11.01548],[-74.00174,-11.00982],[-74.00409,-10.9971],[-74.00546,-10.99368],[-74.00884,-10.99179],[-74.01219,-10.99232],[-74.0152,-10.9938],[-74.02074,-10.99385],[-74.02523,-10.99133],[-74.03364,-10.98876],[-74.0375,-10.98506],[-74.0414,-10.98429],[-74.04574,-10.98735],[-74.04996,-10.99189],[-74.05626,-10.99256],[-74.0591,-10.99373],[-74.06558,-10.99238],[-74.07117,-10.99313],[-74.07899,-10.99209],[-74.08383,-10.98975],[-74.08954,-10.9892],[-74.09937,-10.98639],[-74.10502,-10.98629],[-74.11825,-10.99082],[-74.12421,-10.98874],[-74.13026,-10.98644],[-74.13857,-10.98848],[-74.14093,-10.9937],[-74.14427,-10.99738],[-74.15333,-10.99844],[-74.15899,-10.99815],[-74.16468,-10.9935],[-74.16988,-10.99245],[-74.1746,-10.99253],[-74.17972,-10.98929],[-74.1827,-10.98621],[-74.1888,-10.98523],[-74.19407,-10.98692],[-74.19416,-10.99305],[-74.19195,-10.99941],[-74.19356,-11.0031],[-74.19746,-11.00313],[-74.19933,-11.00511],[-74.20277,-11.02404],[-74.20456,-11.02487],[-74.21761,-11.02436],[-74.22224,-11.02142],[-74.23244,-11.02043],[-74.2398,-11.01766],[-74.24967,-11.01774],[-74.25686,-11.02053],[-74.26319,-11.02497],[-74.26567,-11.02568],[-74.27205,-11.02589],[-74.27745,-11.02918],[-74.28232,-11.02761],[-74.28827,-11.0243],[-74.29453,-11.02955],[-74.29802,-11.03104],[-74.30403,-11.03208],[-74.31297,-11.03459],[-74.31849,-11.03496],[-74.33152,-11.04611],[-74.33328,-11.04849],[-74.33724,-11.05087],[-74.34022,-11.05392],[-74.34791,-11.05563],[-74.35361,-11.05547],[-74.3588,-11.05309],[-74.36212,-11.05327],[-74.36674,-11.05193],[-74.37183,-11.05142],[-74.37537,-11.04968],[-74.38096,-11.04894],[-74.38222,-11.04736],[-74.38252,-11.04608],[-74.38622,-11.04591],[-74.39004,-11.04472],[-74.39565,-11.04456],[-74.4043,-11.03939],[-74.40789,-11.03611],[-74.41289,-11.03367],[-74.41412,-11.03188],[-74.41442,-11.02963],[-74.42049,-11.0226],[-74.42106,-11.02108],[-74.4177,-11.01512],[-74.42028,-11.01178],[-74.42008,-11.008],[-74.41761,-11.00421],[-74.41325,-11.00076],[-74.41364,-10.99764],[-74.41565,-10.99564],[-74.42406,-10.9938],[-74.43399,-10.9883],[-74.4366,-10.98357],[-74.44017,-10.97552],[-74.44975,-10.96893],[-74.4558,-10.96032],[-74.46024,-10.95885],[-74.47117,-10.9623],[-74.47592,-10.96183],[-74.48126,-10.95438],[-74.48304,-10.95119],[-74.49136,-10.94307],[-74.50205,-10.93033],[-74.50732,-10.93006],[-74.51585,-10.93101],[-74.52353,-10.93076],[-74.53418,-10.9295],[-74.54043,-10.93011],[-74.54203,-10.9289],[-74.54927,-10.91952],[-74.55147,-10.91881],[-74.55524,-10.91881],[-74.55979,-10.91629],[-74.56877,-10.9149],[-74.57425,-10.91163],[-74.59049,-10.91071],[-74.59596,-10.91235],[-74.60095,-10.90954],[-74.60709,-10.90778],[-74.61504,-10.90365],[-74.61738,-10.90032],[-74.61892,-10.89649],[-74.62414,-10.89159],[-74.63139,-10.88798],[-74.63338,-10.88534],[-74.63411,-10.88305],[-74.63425,-10.87727],[-74.63891,-10.87105],[-74.64614,-10.86803],[-74.65282,-10.86855],[-74.65983,-10.87429],[-74.66733,-10.87369],[-74.6746,-10.87788],[-74.67887,-10.87975],[-74.67921,-10.8855],[-74.68141,-10.8885],[-74.68954,-10.88881],[-74.69361,-10.89011],[-74.69679,-10.89218],[-74.69685,-10.89475],[-74.6981,-10.8982],[-74.69793,-10.90169],[-74.70192,-10.90754],[-74.70204,-10.91212],[-74.70274,-10.91675],[-74.70105,-10.91843],[-74.7014,-10.91995],[-74.69798,-10.92428],[-74.69511,-10.93169],[-74.69725,-10.93906],[-74.6972,-10.94422],[-74.69552,-10.9488],[-74.69794,-10.95442],[-74.69946,-10.95647],[-74.69664,-10.9588],[-74.69333,-10.95765],[-74.69071,-10.95397],[-74.68527,-10.95403],[-74.67983,-10.9514],[-74.67856,-10.95209],[-74.67736,-10.95498],[-74.6756,-10.95698],[-74.67173,-10.95833],[-74.66205,-10.95314],[-74.66049,-10.95296],[-74.64874,-10.95715],[-74.64388,-10.95775],[-74.64138,-10.96061],[-74.63629,-10.96066],[-74.63325,-10.96385],[-74.62903,-10.96476],[-74.6282,-10.96586],[-74.62754,-10.97048],[-74.6229,-10.97672],[-74.62487,-10.98047],[-74.63183,-10.98814],[-74.63582,-10.99111],[-74.63741,-10.99376],[-74.642,-10.99704],[-74.64451,-11.00145],[-74.64431,-11.0068],[-74.64682,-11.00864],[-74.65861,-11.00802],[-74.6624,-11.01082],[-74.66412,-11.01068],[-74.66976,-11.00801],[-74.67902,-11.01112],[-74.68114,-11.01114],[-74.68652,-11.00972],[-74.68973,-11.01464],[-74.69535,-11.01628],[-74.70301,-11.01524],[-74.71164,-11.01656],[-74.71551,-11.01571],[-74.7168,-11.01686],[-74.71795,-11.02023],[-74.71993,-11.02018],[-74.72263,-11.01743],[-74.72508,-11.01612],[-74.73054,-11.01694],[-74.73265,-11.01522],[-74.73365,-11.01146],[-74.73959,-11.01324],[-74.74439,-11.01191],[-74.74702,-11.01061],[-74.74797,-11.01099],[-74.75034,-11.01542],[-74.74964,-11.01991],[-74.75182,-11.02287],[-74.75175,-11.02856],[-74.75262,-11.03401],[-74.74959,-11.04199],[-74.75039,-11.04886],[-74.74705,-11.05988],[-74.74683,-11.07004],[-74.74993,-11.07164],[-74.7567,-11.07286],[-74.75967,-11.07145],[-74.76322,-11.07195],[-74.76568,-11.07626],[-74.76822,-11.07906],[-74.76795,-11.08281],[-74.76711,-11.08517],[-74.77416,-11.08755],[-74.77751,-11.08746],[-74.78035,-11.08858],[-74.77904,-11.09353],[-74.78133,-11.09654],[-74.78555,-11.10001],[-74.78642,-11.10208],[-74.78992,-11.0979],[-74.79231,-11.09751],[-74.79349,-11.09816],[-74.79198,-11.10133],[-74.79287,-11.10274],[-74.79667,-11.10215],[-74.79833,-11.10301],[-74.80083,-11.1028],[-74.80406,-11.10609],[-74.80743,-11.10605],[-74.80712,-11.10793],[-74.81072,-11.10777],[-74.81333,-11.11314],[-74.81241,-11.11404],[-74.8185,-11.11814],[-74.8165,-11.12012],[-74.81633,-11.12362],[-74.81872,-11.12181],[-74.82065,-11.1218],[-74.82236,-11.12403],[-74.82414,-11.12438],[-74.82212,-11.12636],[-74.8262,-11.12749],[-74.83051,-11.12393],[-74.8337,-11.12639],[-74.83707,-11.12366],[-74.83771,-11.12429],[-74.83709,-11.12837],[-74.83926,-11.13092],[-74.84064,-11.13079],[-74.84179,-11.12975],[-74.84075,-11.1267],[-74.84331,-11.12586],[-74.84533,-11.12836],[-74.84758,-11.1299],[-74.84896,-11.13669],[-74.85262,-11.13736],[-74.85493,-11.13986],[-74.85387,-11.14246],[-74.85494,-11.14337],[-74.85392,-11.14726],[-74.85437,-11.14814],[-74.85731,-11.1481],[-74.85993,-11.14357],[-74.86243,-11.14699],[-74.86541,-11.14793],[-74.8649,-11.15063],[-74.8676,-11.15306],[-74.86874,-11.15511],[-74.87233,-11.15585],[-74.87325,-11.15157],[-74.87396,-11.1523],[-74.87447,-11.15549],[-74.87672,-11.15557],[-74.8781,-11.15832],[-74.87757,-11.16157],[-74.87868,-11.16282],[-74.88213,-11.16332],[-74.88419,-11.1655],[-74.89012,-11.16643],[-74.89106,-11.16719],[-74.89758,-11.16759],[-74.8991,-11.16646],[-74.89977,-11.16812],[-74.89647,-11.17209],[-74.89165,-11.17556],[-74.89091,-11.17966],[-74.89174,-11.18318],[-74.89195,-11.18981],[-74.89642,-11.19178],[-74.89771,-11.19124],[-74.90222,-11.18642],[-74.90478,-11.18657],[-74.90628,-11.18908],[-74.90627,-11.19349],[-74.90337,-11.19959],[-74.90361,-11.20311],[-74.90788,-11.2094],[-74.91122,-11.21286],[-74.91123,-11.21604],[-74.90814,-11.21821],[-74.90833,-11.2195],[-74.91058,-11.22177],[-74.90979,-11.22361],[-74.90655,-11.2263],[-74.9055,-11.23149],[-74.90287,-11.23545],[-74.90402,-11.23694],[-74.90258,-11.23805],[-74.89792,-11.23665],[-74.89429,-11.23411],[-74.89114,-11.2342],[-74.89124,-11.23703],[-74.88842,-11.23935],[-74.88879,-11.2414],[-74.89465,-11.2453],[-74.89524,-11.24781],[-74.89133,-11.25597],[-74.8913,-11.25855],[-74.89252,-11.26367],[-74.89021,-11.26965],[-74.89242,-11.271],[-74.89845,-11.27174],[-74.90289,-11.27114],[-74.9075,-11.27414],[-74.91477,-11.27538],[-74.92384,-11.28228],[-74.92845,-11.28846],[-74.93025,-11.288],[-74.93494,-11.28983],[-74.93804,-11.29228],[-74.94147,-11.29215],[-74.94542,-11.29315],[-74.94806,-11.29501],[-74.95286,-11.29524],[-74.95818,-11.29827],[-74.96003,-11.29804],[-74.96564,-11.29967],[-74.9717,-11.30025],[-74.98043,-11.30049],[-74.98621,-11.29926],[-74.9878,-11.29822],[-74.99084,-11.29785],[-74.99335,-11.29682],[-74.99721,-11.29719],[-74.99863,-11.29624],[-75.00044,-11.29679],[-75.00178,-11.29604],[-75.00862,-11.29627],[-75.01212,-11.29549],[-75.01441,-11.29625],[-75.01575,-11.29575],[-75.0198,-11.29878],[-75.02945,-11.30189],[-75.03307,-11.30209],[-75.03662,-11.30387],[-75.03961,-11.3035],[-75.04253,-11.30031],[-75.04318,-11.30132],[-75.04563,-11.30216],[-75.05073,-11.30895],[-75.04855,-11.31157],[-75.04619,-11.31289],[-75.04605,-11.31759],[-75.04406,-11.31957],[-75.03909,-11.31951],[-75.03349,-11.3286],[-75.03346,-11.3295],[-75.03597,-11.33175],[-75.03479,-11.33611],[-75.03059,-11.33797],[-75.02915,-11.34264],[-75.025,-11.34455],[-75.02486,-11.3453],[-75.02685,-11.34723],[-75.0273,-11.35066],[-75.02437,-11.35274],[-75.01986,-11.35344],[-75.01813,-11.35464],[-75.01408,-11.3556],[-75.00851,-11.35996],[-75.0022,-11.35989],[-75.0,-11.36174],[-74.99613,-11.36844],[-74.98997,-11.37324],[-74.98773,-11.37413],[-74.98742,-11.3763],[-74.99009,-11.37886],[-74.99099,-11.38331],[-74.99635,-11.38493],[-74.99719,-11.38578],[-74.99851,-11.39033],[-74.99742,-11.39269],[-74.998,-11.39718],[-74.99565,-11.40054],[-74.99304,-11.40277],[-74.9924,-11.40517],[-74.98903,-11.40917],[-74.98614,-11.41117],[-74.98479,-11.41596],[-74.97904,-11.42151],[-74.97409,-11.42901],[-74.97317,-11.43342],[-74.97316,-11.43832],[-74.96531,-11.44286],[-74.96233,-11.44911],[-74.96199,-11.45211],[-74.95558,-11.45552],[-74.95122,-11.46172],[-74.94318,-11.46251],[-74.94053,-11.46344],[-74.93841,-11.46523],[-74.93412,-11.46695],[-74.93275,-11.46836],[-74.93262,-11.47264],[-74.92959,-11.47446],[-74.92341,-11.47541],[-74.9151,-11.4798],[-74.91631,-11.48842],[-74.918,-11.49064],[-74.92067,-11.49193],[-74.9242,-11.49191],[-74.9283,-11.49289],[-74.93031,-11.49582],[-74.93518,-11.49843],[-74.93823,-11.50374],[-74.94387,-11.5074],[-74.94884,-11.50927],[-74.95039,-11.51131],[-74.94827,-11.51723],[-74.95299,-11.5212],[-74.9562,-11.52589],[-74.96294,-11.52751],[-74.96369,-11.52854],[-74.96294,-11.53569],[-74.96594,-11.53912],[-74.96634,-11.54173],[-74.97046,-11.5466],[-74.97499,-11.5496],[-74.97619,-11.55183],[-74.97531,-11.56303],[-74.97291,-11.56727],[-74.97205,-11.57072],[-74.97073,-11.57185],[-74.9653,-11.57224],[-74.96235,-11.57139],[-74.95544,-11.57081],[-74.95294,-11.56952],[-74.94939,-11.56624],[-74.94302,-11.56504],[-74.94196,-11.56395],[-74.94264,-11.55824],[-74.94036,-11.55506],[-74.93808,-11.55436],[-74.93549,-11.55535],[-74.93337,-11.55529],[-74.93295,-11.55179],[-74.93337,-11.54921],[-74.92829,-11.54646],[-74.92323,-11.54015],[-74.92059,-11.53328],[-74.92077,-11.52988],[-74.91928,-11.52892],[-74.91399,-11.52987],[-74.9104,-11.52819],[-74.90796,-11.53095],[-74.90628,-11.53091],[-74.90416,-11.53239],[-74.90206,-11.53266],[-74.89789,-11.53664],[-74.88967,-11.53777],[-74.88121,-11.54165],[-74.87954,-11.54405],[-74.87368,-11.54792],[-74.87193,-11.55315],[-74.8691,-11.55497],[-74.86179,-11.55729],[-74.8576,-11.56209],[-74.85578,-11.5625],[-74.85121,-11.56193],[-74.84651,-11.56584],[-74.84512,-11.57138],[-74.83954,-11.57625],[-74.83268,-11.57414],[-74.82978,-11.57906],[-74.82197,-11.58508],[-74.82117,-11.58794],[-74.81403,-11.58779],[-74.81248,-11.58672],[-74.81035,-11.58682],[-74.80801,-11.59048],[-74.80688,-11.59421],[-74.80305,-11.59323],[-74.79577,-11.59467],[-74.79445,-11.59813],[-74.79236,-11.6005],[-74.78664,-11.60292],[-74.78325,-11.60253],[-74.77966,-11.5996],[-74.77637,-11.60036],[-74.77255,-11.59925],[-74.77064,-11.59763],[-74.7654,-11.599],[-74.76446,-11.60003],[-74.76411,-11.60535],[-74.76202,-11.61158],[-74.76074,-11.61124],[-74.75755,-11.6073],[-74.75469,-11.60826],[-74.74995,-11.60648],[-74.74504,-11.60677],[-74.73881,-11.60626],[-74.73551,-11.60727],[-74.72954,-11.61055],[-74.7251,-11.61509],[-74.72595,-11.62123],[-74.7263,-11.62742],[-74.72765,-11.63132],[-74.72279,-11.64124],[-74.72292,-11.65063],[-74.71898,-11.65481],[-74.71876,-11.65995],[-74.72171,-11.66419],[-74.7192,-11.66516],[-74.71745,-11.66784],[-74.71,-11.67314],[-74.70799,-11.67318],[-74.70534,-11.66986],[-74.70226,-11.66899],[-74.70055,-11.66595],[-74.69532,-11.66756],[-74.68967,-11.66683],[-74.68205,-11.66129],[-74.68059,-11.66105],[-74.67968,-11.66339],[-74.67994,-11.66739],[-74.67587,-11.67208],[-74.66829,-11.67348],[-74.66548,-11.67716],[-74.66391,-11.68014],[-74.65975,-11.68109],[-74.6567,-11.68441],[-74.65365,-11.68578],[-74.6526,-11.68828],[-74.65325,-11.69193],[-74.6525,-11.69517],[-74.64666,-11.69787],[-74.64327,-11.70085],[-74.64423,-11.70678],[-74.64586,-11.71149],[-74.64496,-11.71567],[-74.64688,-11.72056],[-74.64724,-11.72836],[-74.65144,-11.73357],[-74.65151,-11.73659],[-74.65065,-11.73729],[-74.64712,-11.73683],[-74.64023,-11.74123],[-74.63817,-11.75097],[-74.63392,-11.75181],[-74.6261,-11.76007],[-74.62398,-11.76972],[-74.62533,-11.77255],[-74.62453,-11.77347],[-74.62204,-11.77379],[-74.6147,-11.78158],[-74.61333,-11.78664],[-74.61088,-11.78864],[-74.61001,-11.7907],[-74.60675,-11.79227],[-74.60711,-11.79534],[-74.61088,-11.8033],[-74.61136,-11.80741],[-74.60735,-11.81075],[-74.59792,-11.8174],[-74.59646,-11.82002],[-74.59657,-11.82213],[-74.59977,-11.82778],[-74.59787,-11.82983],[-74.59622,-11.83007],[-74.59528,-11.83152],[-74.59529,-11.83447],[-74.59706,-11.84057],[-74.59687,-11.84295],[-74.5931,-11.84646],[-74.59041,-11.85093],[-74.58556,-11.8513],[-74.58206,-11.854],[-74.58263,-11.85678],[-74.58465,-11.86013],[-74.58336,-11.86511],[-74.5834,-11.86768],[-74.58259,-11.87049],[-74.58411,-11.87268],[-74.58088,-11.87621],[-74.57809,-11.88212],[-74.57501,-11.88337],[-74.56692,-11.88263],[-74.56367,-11.88137],[-74.56125,-11.88202],[-74.54953,-11.87821],[-74.53465,-11.87789],[-74.53091,-11.88316],[-74.52626,-11.88774],[-74.52501,-11.89092],[-74.52487,-11.89685],[-74.51925,-11.90361],[-74.51615,-11.90578],[-74.51368,-11.90987],[-74.50882,-11.91507],[-74.50428,-11.91448],[-74.50256,-11.91161],[-74.50109,-11.91121],[-74.49698,-11.9136],[-74.49551,-11.91691],[-74.49501,-11.92304],[-74.49569,-11.92706],[-74.50031,-11.93729],[-74.50244,-11.94304],[-74.50378,-11.94589],[-74.50365,-11.94819],[-74.50206,-11.95143],[-74.4999,-11.95354],[-74.49867,-11.96253],[-74.49915,-11.97121],[-74.50206,-11.97856],[-74.50753,-11.98658],[-74.51254,-11.98701],[-74.5246,-11.98798],[-74.52961,-11.98489],[-74.53155,-11.98475],[-74.54355,-11.9909],[-74.54948,-11.99626],[-74.55201,-11.99652],[-74.55406,-11.99989],[-74.55288,-12.00104],[-74.5459,-12.00295],[-74.54228,-12.00679],[-74.53793,-12.0089],[-74.53384,-12.00988],[-74.53008,-12.01388],[-74.52499,-12.0159],[-74.52168,-12.01538],[-74.5181,-12.01755],[-74.51082,-12.02024],[-74.50859,-12.02146],[-74.50332,-12.01982],[-74.49997,-12.02131],[-74.49698,-12.027],[-74.4951,-12.028],[-74.4903,-12.02867],[-74.48834,-12.03129],[-74.4883,-12.03296],[-74.48734,-12.03382],[-74.48396,-12.03304],[-74.48122,-12.02679],[-74.47957,-12.02698],[-74.47694,-12.02955],[-74.47499,-12.02966],[-74.47237,-12.02706],[-74.47024,-12.027],[-74.46607,-12.03359],[-74.46331,-12.03511],[-74.4555,-12.03343],[-74.45464,-12.03373],[-74.45175,-12.03927],[-74.45139,-12.04098],[-74.45201,-12.0431],[-74.45349,-12.04481],[-74.45275,-12.04894],[-74.45126,-12.04957],[-74.44831,-12.04827],[-74.44519,-12.04495],[-74.44263,-12.04531],[-74.44322,-12.04706],[-74.43958,-12.05311],[-74.4407,-12.05547],[-74.43899,-12.05991],[-74.43522,-12.06603],[-74.43362,-12.0698],[-74.43185,-12.07147],[-74.43055,-12.07164],[-74.42277,-12.06707],[-74.41945,-12.06901],[-74.4181,-12.07271],[-74.41459,-12.07599],[-74.41489,-12.07969],[-74.41412,-12.08359],[-74.41709,-12.08647],[-74.41933,-12.08751],[-74.41932,-12.09431],[-74.41759,-12.09858],[-74.41268,-12.10107],[-74.40965,-12.10698],[-74.40778,-12.10765],[-74.40177,-12.1033],[-74.39887,-12.10373],[-74.39481,-12.10961],[-74.39047,-12.11189],[-74.37946,-12.12044],[-74.37472,-12.12662],[-74.36595,-12.13395],[-74.36456,-12.13675],[-74.36165,-12.13858],[-74.36054,-12.13849],[-74.35784,-12.13579],[-74.35366,-12.13559],[-74.35197,-12.13635],[-74.3517,-12.14094],[-74.35311,-12.1485],[-74.35797,-12.14821],[-74.36037,-12.15085],[-74.36134,-12.15305],[-74.36063,-12.15723],[-74.35845,-12.16146],[-74.35599,-12.1637],[-74.3538,-12.16448],[-74.34808,-12.1645],[-74.34438,-12.16704],[-74.34336,-12.17108],[-74.34581,-12.17371],[-74.35221,-12.17691],[-74.34659,-12.1883],[-74.3447,-12.19163],[-74.34471,-12.19524],[-74.34177,-12.19548],[-74.33764,-12.19241],[-74.33474,-12.1939],[-74.3333,-12.19684],[-74.33256,-12.20294],[-74.33258,-12.20713],[-74.33024,-12.2103],[-74.33114,-12.21218],[-74.33597,-12.21259],[-74.33663,-12.21565],[-74.32922,-12.22343],[-74.32518,-12.22652],[-74.32276,-12.22952],[-74.3173,-12.23136],[-74.31464,-12.23056],[-74.31369,-12.22521],[-74.31159,-12.22338],[-74.30946,-12.22362],[-74.30423,-12.226],[-74.29743,-12.2255],[-74.29274,-12.2226],[-74.29035,-12.2236],[-74.29224,-12.22985],[-74.28352,-12.24119],[-74.27667,-12.23968],[-74.27052,-12.23921],[-74.26316,-12.24644],[-74.25923,-12.25491],[-74.25649,-12.25725],[-74.25366,-12.25781],[-74.24904,-12.25742],[-74.24785,-12.25848],[-74.24736,-12.26793],[-74.24672,-12.26905],[-74.24139,-12.27066],[-74.23742,-12.26985],[-74.23408,-12.26733],[-74.23152,-12.26797],[-74.22858,-12.27036],[-74.22547,-12.27631],[-74.22452,-12.27685],[-74.22123,-12.27651],[-74.21842,-12.27858],[-74.22127,-12.2862],[-74.21959,-12.28843],[-74.21655,-12.28977],[-74.21611,-12.29134],[-74.21668,-12.29229],[-74.22096,-12.29455],[-74.22245,-12.29618],[-74.2216,-12.29934],[-74.21734,-12.30281],[-74.2141,-12.30356],[-74.21166,-12.30223],[-74.20834,-12.29839],[-74.20445,-12.29937],[-74.20088,-12.30221],[-74.19388,-12.30149],[-74.18979,-12.30221],[-74.18656,-12.30414],[-74.18804,-12.30644],[-74.18784,-12.31109],[-74.18859,-12.31301],[-74.18213,-12.31711],[-74.1792,-12.31666],[-74.17868,-12.31502],[-74.17596,-12.31322],[-74.16674,-12.31185],[-74.16223,-12.3171],[-74.16152,-12.31919],[-74.15964,-12.32121],[-74.14705,-12.32465],[-74.14473,-12.32342],[-74.14483,-12.31926],[-74.14064,-12.31554],[-74.13689,-12.31601],[-74.13136,-12.31412],[-74.13025,-12.31537],[-74.13021,-12.31838],[-74.13177,-12.32304],[-74.13142,-12.32863],[-74.12933,-12.33228],[-74.12487,-12.33404],[-74.12054,-12.33286],[-74.11698,-12.32559],[-74.11141,-12.3177],[-74.10532,-12.31413],[-74.10408,-12.31169],[-74.10381,-12.3069],[-74.10189,-12.30443],[-74.0988,-12.2855],[-74.09728,-12.2836],[-74.09387,-12.2826],[-74.08875,-12.28248],[-74.08281,-12.28096],[-74.07651,-12.28161],[-74.07063,-12.27688],[-74.0669,-12.27768],[-74.06537,-12.27846],[-74.06289,-12.2769],[-74.05868,-12.2761],[-74.05534,-12.26956],[-74.04985,-12.26704],[-74.04465,-12.26605],[-74.04101,-12.262],[-74.03837,-12.26214],[-74.03297,-12.26881],[-74.0244,-12.27451],[-74.02134,-12.27795],[-74.00899,-12.27866],[-74.00352,-12.28366],[-73.99898,-12.28273],[-73.99207,-12.27744],[-73.98761,-12.27112],[-73.98544,-12.26616],[-73.98404,-12.25884],[-73.98428,-12.25579],[-73.98772,-12.24523],[-73.98955,-12.24334],[-73.99528,-12.23313]]]},"id":"00060000000000000e7f","properties":{"ADM2_CODE":24114,"ADM2_NAME":"Satipo"}},{"type":"Feature","geometry":{"type":"Polygon","coordinates":[[[-75.67073,-11.10639],[-75.67032,-11.10228],[-75.66696,-11.09798],[-75.66547,-11.0973],[-75.66008,-11.09733],[-75.65839,-11.09596],[-75.65524,-11.09124],[-75.64936,-11.09031],[-75.64216,-11.08496],[-75.63931,-11.08463],[-75.63622,-11.08549],[-75.62397,-11.07605],[-75.62119,-11.0765],[-75.61821,-11.07836],[-75.61574,-11.07767],[-75.61113,-11.07794],[-75.60669,-11.0767],[-75.60132,-11.07257],[-75.59879,-11.06802],[-75.5962,-11.06511],[-75.59517,-11.06064],[-75.58974,-11.05976],[-75.58641,-11.05783],[-75.58375,-11.05032],[-75.58211,-11.04975],[-75.57587,-11.0502],[-75.56889,-11.04661],[-75.56342,-11.0454],[-75.56249,-11.05012],[-75.55915,-11.04951],[-75.55592,-11.05272],[-75.55345,-11.05262],[-75.54714,-11.04789],[-75.54198,-11.04627],[-75.54067,-11.0467],[-75.53699,-11.04987],[-75.52923,-11.04988],[-75.52471,-11.04292],[-75.52282,-11.04265],[-75.51932,-11.04347],[-75.51468,-11.04162],[-75.50734,-11.03176],[-75.50452,-11.02586],[-75.49683,-11.02199],[-75.49127,-11.02126],[-75.48812,-11.01796],[-75.48555,-11.01818],[-75.48213,-11.01631],[-75.47838,-11.01854],[-75.47358,-11.01863],[-75.47068,-11.02318],[-75.46446,-11.02405],[-75.4632,-11.02322],[-75.46326,-11.02148],[-75.4577,-11.01555],[-75.45266,-11.01649],[-75.4515,-11.01595],[-75.44865,-11.01163],[-75.44509,-11.00779],[-75.44507,-11.00688],[-75.44642,-11.00576],[-75.4519,-11.0043],[-75.45554,-11.00016],[-75.45505,-10.99652],[-75.45068,-10.99176],[-75.4503,-10.98935],[-75.4442,-10.98389],[-75.44164,-10.97684],[-75.44167,-10.97123],[-75.4369,-10.96467],[-75.42772,-10.96006],[-75.42401,-10.95598],[-75.42338,-10.95259],[-75.42404,-10.9429],[-75.42312,-10.93822],[-75.42413,-10.93624],[-75.43014,-10.93272],[-75.43134,-10.92753],[-75.43096,-10.92226],[-75.43375,-10.91892],[-75.43538,-10.91224],[-75.43818,-10.90867],[-75.44777,-10.90464],[-75.44899,-10.90351],[-75.45194,-10.90228],[-75.45364,-10.90009],[-75.46311,-10.90116],[-75.46497,-10.90071],[-75.46633,-10.90482],[-75.46575,-10.90707],[-75.46744,-10.90981],[-75.46987,-10.91096],[-75.47593,-10.91538],[-75.47989,-10.9169],[-75.48389,-10.91682],[-75.48807,-10.91856],[-75.49215,-10.92105],[-75.49646,-10.92524],[-75.49635,-10.93205],[-75.49436,-10.93646],[-75.49594,-10.94204],[-75.49628,-10.95131],[-75.50029,-10.95758],[-75.50124,-10.96138],[-75.50205,-10.96202],[-75.50796,-10.962],[-75.51449,-10.95338],[-75.51601,-10.95288],[-75.51817,-10.95363],[-75.52156,-10.95005],[-75.53212,-10.95079],[-75.53567,-10.9483],[-75.53933,-10.9508],[-75.54366,-10.95131],[-75.54641,-10.94984],[-75.5486,-10.94974],[-75.55132,-10.95134],[-75.5516,-10.95474],[-75.5532,-10.95633],[-75.55921,-10.9573],[-75.56296,-10.95707],[-75.56662,-10.95378],[-75.57317,-10.95437],[-75.58276,-10.95333],[-75.59126,-10.95678],[-75.59313,-10.95673],[-75.59945,-10.9544],[-75.60143,-10.95471],[-75.60341,-10.95675],[-75.60728,-10.95841],[-75.60934,-10.95829],[-75.61124,-10.95981],[-75.61643,-10.96092],[-75.61987,-10.9605],[-75.62372,-10.95918],[-75.62997,-10.95971],[-75.63949,-10.95829],[-75.64226,-10.95693],[-75.64356,-10.95726],[-75.64538,-10.95946],[-75.6492,-10.95959],[-75.65274,-10.95771],[-75.6531,-10.95627],[-75.65671,-10.95318],[-75.6605,-10.95209],[-75.66525,-10.94956],[-75.66749,-10.94905],[-75.671,-10.9511],[-75.67446,-10.95032],[-75.67577,-10.95281],[-75.67766,-10.95371],[-75.67788,-10.95854],[-75.68108,-10.96183],[-75.682,-10.9645],[-75.6829,-10.96474],[-75.68557,-10.96351],[-75.68681,-10.96649],[-75.69035,-10.96635],[-75.69465,-10.9687],[-75.69821,-10.96922],[-75.70121,-10.97192],[-75.70215,-10.97461],[-75.70661,-10.97948],[-75.70886,-10.98048],[-75.71501,-10.98127],[-75.71609,-10.98345],[-75.71929,-10.98511],[-75.71962,-10.98746],[-75.72133,-10.98957],[-75.72324,-10.99025],[-75.72576,-10.9901],[-75.72557,-10.99349],[-75.72856,-10.99971],[-75.734,-11.00153],[-75.73572,-11.00101],[-75.73788,-11.00167],[-75.74027,-11.00047],[-75.7442,-11.0029],[-75.75208,-11.00596],[-75.75674,-11.01028],[-75.76263,-11.01023],[-75.76497,-11.00726],[-75.77406,-10.99979],[-75.78133,-10.99769],[-75.78413,-10.99927],[-75.78783,-11.00496],[-75.79559,-11.00784],[-75.797,-11.00986],[-75.80219,-11.01371],[-75.80346,-11.02057],[-75.80824,-11.02761],[-75.81367,-11.03211],[-75.81738,-11.03402],[-75.8131,-11.04151],[-75.81287,-11.04916],[-75.81415,-11.05076],[-75.81681,-11.05119],[-75.82297,-11.04928],[-75.83215,-11.05088],[-75.8341,-11.05587],[-75.83485,-11.06349],[-75.83835,-11.07075],[-75.83733,-11.07802],[-75.83873,-11.084],[-75.83331,-11.09284],[-75.83328,-11.09707],[-75.83746,-11.10432],[-75.83661,-11.1089],[-75.83744,-11.11651],[-75.8398,-11.11956],[-75.84475,-11.12045],[-75.85103,-11.11935],[-75.85234,-11.1205],[-75.8523,-11.12793],[-75.85443,-11.13391],[-75.85555,-11.14002],[-75.85934,-11.14405],[-75.86237,-11.14472],[-75.8735,-11.14075],[-75.87745,-11.14062],[-75.88095,-11.14188],[-75.88418,-11.14492],[-75.88615,-11.14843],[-75.88824,-11.14943],[-75.89082,-11.14961],[-75.89147,-11.15135],[-75.88431,-11.15697],[-75.88798,-11.16117],[-75.89392,-11.16519],[-75.89706,-11.16648],[-75.89756,-11.16935],[-75.89703,-11.17332],[-75.89886,-11.17463],[-75.90302,-11.17519],[-75.90383,-11.17684],[-75.90008,-11.18775],[-75.89962,-11.19233],[-75.90027,-11.1949],[-75.89978,-11.19877],[-75.90187,-11.20034],[-75.90721,-11.20129],[-75.91245,-11.20555],[-75.91462,-11.20936],[-75.91525,-11.21263],[-75.92185,-11.21892],[-75.92541,-11.21941],[-75.92955,-11.21856],[-75.93277,-11.21681],[-75.93558,-11.21739],[-75.94476,-11.21753],[-75.95763,-11.21686],[-75.96199,-11.21648],[-75.97161,-11.21333],[-75.94499,-11.24458],[-75.92472,-11.28006],[-75.91166,-11.29509],[-75.91234,-11.29678],[-75.91674,-11.29854],[-75.90726,-11.30926],[-75.90033,-11.314],[-75.89591,-11.31888],[-75.89041,-11.33319],[-75.89692,-11.33677],[-75.90247,-11.33631],[-75.91089,-11.33221],[-75.91533,-11.33167],[-75.91863,-11.33187],[-75.92312,-11.3294],[-75.92431,-11.32963],[-75.92749,-11.33244],[-75.9298,-11.33228],[-75.93223,-11.33108],[-75.94052,-11.33447],[-75.9472,-11.33526],[-75.95571,-11.33284],[-75.96044,-11.33304],[-75.95569,-11.33506],[-75.94626,-11.34233],[-75.93791,-11.34812],[-75.9329,-11.35436],[-75.92481,-11.35953],[-75.91578,-11.37055],[-75.90926,-11.37494],[-75.90949,-11.37787],[-75.91354,-11.38354],[-75.91299,-11.38448],[-75.90709,-11.38746],[-75.90491,-11.39069],[-75.89337,-11.39839],[-75.88393,-11.40189],[-75.88241,-11.40316],[-75.88401,-11.4044],[-75.88563,-11.4042],[-75.88729,-11.40512],[-75.8892,-11.40514],[-75.89223,-11.40722],[-75.89427,-11.40737],[-75.89809,-11.40993],[-75.90413,-11.4118],[-75.9089,-11.41503],[-75.91487,-11.41485],[-75.91698,-11.41685],[-75.9169,-11.42091],[-75.91561,-11.42448],[-75.91512,-11.43077],[-75.91317,-11.43195],[-75.90873,-11.43194],[-75.90767,-11.43301],[-75.90611,-11.43658],[-75.90144,-11.43717],[-75.90079,-11.43872],[-75.90235,-11.44227],[-75.90124,-11.44515],[-75.89667,-11.4517],[-75.89304,-11.46055],[-75.88702,-11.47141],[-75.88566,-11.47566],[-75.88304,-11.47839],[-75.88022,-11.48348],[-75.87626,-11.48811],[-75.87278,-11.49487],[-75.87241,-11.50403],[-75.87064,-11.50779],[-75.86593,-11.50984],[-75.86223,-11.50795],[-75.85968,-11.5055],[-75.85718,-11.50639],[-75.84039,-11.52109],[-75.83913,-11.52335],[-75.82679,-11.53697],[-75.82278,-11.5402],[-75.81944,-11.54174],[-75.81499,-11.54681],[-75.80978,-11.54894],[-75.8054,-11.54757],[-75.80135,-11.54483],[-75.79533,-11.54412],[-75.79116,-11.54455],[-75.78768,-11.54135],[-75.77895,-11.54075],[-75.77615,-11.53877],[-75.77243,-11.53744],[-75.76384,-11.54034],[-75.75989,-11.54048],[-75.75435,-11.53953],[-75.75106,-11.5405],[-75.74843,-11.53953],[-75.74664,-11.53561],[-75.74354,-11.53106],[-75.74323,-11.52856],[-75.73712,-11.52202],[-75.73581,-11.52203],[-75.73342,-11.52374],[-75.72808,-11.52482],[-75.72633,-11.52745],[-75.72618,-11.53028],[-75.7271,-11.53622],[-75.72601,-11.53935],[-75.72271,-11.54094],[-75.71869,-11.54209],[-75.71725,-11.54519],[-75.71769,-11.55243],[-75.71449,-11.55641],[-75.71281,-11.56094],[-75.71206,-11.56686],[-75.7096,-11.56776],[-75.7084,-11.56683],[-75.70609,-11.56066],[-75.70267,-11.5565],[-75.69926,-11.55591],[-75.69728,-11.55686],[-75.69283,-11.55625],[-75.68951,-11.55813],[-75.68893,-11.56019],[-75.68449,-11.56346],[-75.68178,-11.56354],[-75.67882,-11.56252],[-75.67381,-11.56705],[-75.67127,-11.56719],[-75.66716,-11.56407],[-75.6603,-11.56294],[-75.65772,-11.56416],[-75.65083,-11.56993],[-75.64811,-11.56895],[-75.64432,-11.5642],[-75.63955,-11.56393],[-75.63563,-11.56592],[-75.63399,-11.56837],[-75.6336,-11.57724],[-75.63025,-11.58478],[-75.62211,-11.5878],[-75.6163,-11.58417],[-75.6133,-11.58128],[-75.61183,-11.58156],[-75.60784,-11.58417],[-75.60424,-11.58357],[-75.6022,-11.58141],[-75.60108,-11.57729],[-75.59897,-11.57697],[-75.59556,-11.57868],[-75.5918,-11.58344],[-75.5871,-11.58554],[-75.58141,-11.59543],[-75.58072,-11.58736],[-75.57563,-11.58092],[-75.57289,-11.58149],[-75.56781,-11.58722],[-75.56442,-11.59202],[-75.56133,-11.59327],[-75.55889,-11.59292],[-75.55739,-11.59354],[-75.55565,-11.60002],[-75.5544,-11.60056],[-75.55035,-11.59955],[-75.54866,-11.59708],[-75.54969,-11.59244],[-75.54856,-11.5882],[-75.55022,-11.58546],[-75.55196,-11.57708],[-75.55488,-11.57242],[-75.5607,-11.56619],[-75.56376,-11.56065],[-75.56918,-11.55464],[-75.56794,-11.54988],[-75.56887,-11.54793],[-75.57219,-11.54458],[-75.57179,-11.54126],[-75.56548,-11.53282],[-75.56082,-11.53028],[-75.55451,-11.53059],[-75.55238,-11.53221],[-75.54964,-11.52547],[-75.54762,-11.52539],[-75.54851,-11.52315],[-75.55091,-11.51847],[-75.55188,-11.51384],[-75.54882,-11.50702],[-75.54643,-11.50424],[-75.54382,-11.50617],[-75.54041,-11.50337],[-75.54028,-11.50116],[-75.53784,-11.49867],[-75.53372,-11.49641],[-75.53211,-11.49347],[-75.53022,-11.4934],[-75.52561,-11.49622],[-75.5208,-11.50189],[-75.52049,-11.50358],[-75.51665,-11.50592],[-75.51382,-11.51],[-75.51139,-11.51538],[-75.5098,-11.51568],[-75.50491,-11.51184],[-75.50323,-11.51191],[-75.49905,-11.5094],[-75.49408,-11.51391],[-75.4935,-11.51743],[-75.49201,-11.51739],[-75.48902,-11.51575],[-75.48682,-11.51585],[-75.48393,-11.51889],[-75.47848,-11.52163],[-75.47616,-11.52129],[-75.47338,-11.51699],[-75.47345,-11.51473],[-75.47157,-11.51281],[-75.47322,-11.50918],[-75.4721,-11.50173],[-75.47115,-11.49919],[-75.47198,-11.49824],[-75.47217,-11.49579],[-75.47717,-11.49203],[-75.47745,-11.48961],[-75.47953,-11.48579],[-75.4771,-11.48305],[-75.47703,-11.48089],[-75.47288,-11.47565],[-75.46937,-11.46941],[-75.46524,-11.46585],[-75.45944,-11.45557],[-75.45746,-11.45328],[-75.46119,-11.44501],[-75.45957,-11.44086],[-75.46078,-11.43554],[-75.46307,-11.43221],[-75.4598,-11.42699],[-75.45704,-11.42513],[-75.45476,-11.42477],[-75.45288,-11.42286],[-75.45297,-11.41599],[-75.45146,-11.41221],[-75.44593,-11.40774],[-75.44057,-11.40765],[-75.43819,-11.40361],[-75.43847,-11.39957],[-75.43173,-11.39577],[-75.42977,-11.39136],[-75.42369,-11.39095],[-75.41892,-11.3934],[-75.4155,-11.39276],[-75.41394,-11.38904],[-75.4093,-11.3875],[-75.40956,-11.38152],[-75.40848,-11.38042],[-75.40843,-11.37785],[-75.40954,-11.37543],[-75.40971,-11.37185],[-75.40545,-11.36774],[-75.40548,-11.36626],[-75.40432,-11.36389],[-75.40345,-11.35787],[-75.40465,-11.35497],[-75.40299,-11.35007],[-75.40378,-11.34901],[-75.4021,-11.34557],[-75.40407,-11.34244],[-75.40477,-11.33988],[-75.40835,-11.33905],[-75.4119,-11.33626],[-75.41672,-11.33528],[-75.42148,-11.33032],[-75.42873,-11.33041],[-75.4304,-11.3314],[-75.43245,-11.33053],[-75.43297,-11.3247],[-75.43492,-11.32242],[-75.4332,-11.3139],[-75.43347,-11.30967],[-75.43595,-11.30493],[-75.43906,-11.30339],[-75.44399,-11.30209],[-75.44395,-11.29837],[-75.44079,-11.2975],[-75.44001,-11.29588],[-75.43871,-11.29545],[-75.43758,-11.28863],[-75.43804,-11.28723],[-75.44314,-11.28204],[-75.44202,-11.28053],[-75.44214,-11.27931],[-75.44414,-11.27703],[-75.445,-11.2748],[-75.44763,-11.27204],[-75.44524,-11.269],[-75.44065,-11.26554],[-75.43911,-11.26533],[-75.43699,-11.26673],[-75.43344,-11.26498],[-75.4332,-11.25799],[-75.43175,-11.25756],[-75.51101,-11.22999],[-75.51419,-11.2282],[-75.55894,-11.22916],[-75.56497,-11.23013],[-75.57899,-11.22848],[-75.58204,-11.22601],[-75.58612,-11.22094],[-75.58545,-11.22048],[-75.58462,-11.21795],[-75.58366,-11.21611],[-75.58234,-11.21549],[-75.58195,-11.21433],[-75.58249,-11.21342],[-75.58467,-11.21269],[-75.58607,-11.21086],[-75.58632,-11.20532],[-75.58703,-11.2024],[-75.58731,-11.19695],[-75.58943,-11.19303],[-75.5898,-11.18754],[-75.5881,-11.18242],[-75.58759,-11.17706],[-75.58315,-11.17301],[-75.58304,-11.17084],[-75.58695,-11.16558],[-75.59197,-11.16548],[-75.59798,-11.16726],[-75.60002,-11.16842],[-75.60212,-11.17111],[-75.61209,-11.1599],[-75.61761,-11.15617],[-75.62137,-11.1563],[-75.63635,-11.16459],[-75.64024,-11.16113],[-75.64094,-11.15924],[-75.63968,-11.15343],[-75.63736,-11.15089],[-75.6415,-11.14716],[-75.65115,-11.13294],[-75.65462,-11.13187],[-75.65493,-11.12364],[-75.6576,-11.12133],[-75.65859,-11.11927],[-75.66328,-11.11602],[-75.66938,-11.11552],[-75.67073,-11.10639]]]},"id":"00060000000000000e80","properties":{"ADM2_CODE":24115,"ADM2_NAME":"Tarma"}},{"type":"Feature","geometry":{"type":"Polygon","coordinates":[[[-76.05351,-11.93955],[-76.04596,-11.93811],[-76.04076,-11.93628],[-76.03874,-11.93238],[-76.03631,-11.93295],[-76.03562,-11.93249],[-76.03114,-11.92113],[-76.02875,-11.91741],[-76.02697,-11.91264],[-76.02984,-11.90859],[-76.02429,-11.8975],[-76.0225,-11.89663],[-76.0208,-11.89784],[-76.01624,-11.90368],[-76.0146,-11.90543],[-76.0094,-11.89965],[-75.99785,-11.89873],[-75.99287,-11.89887],[-75.98934,-11.89574],[-75.98235,-11.89251],[-75.97928,-11.89238],[-75.97618,-11.88598],[-75.97365,-11.8828],[-75.96924,-11.88013],[-75.96281,-11.87903],[-75.96002,-11.87648],[-75.95677,-11.87546],[-75.95556,-11.87435],[-75.95531,-11.87174],[-75.95336,-11.87058],[-75.93938,-11.87024],[-75.93626,-11.87123],[-75.9336,-11.87313],[-75.93076,-11.87347],[-75.92893,-11.87512],[-75.92457,-11.87487],[-75.92106,-11.87633],[-75.91666,-11.87539],[-75.91066,-11.87306],[-75.90662,-11.87351],[-75.90459,-11.87212],[-75.90222,-11.86907],[-75.90468,-11.86576],[-75.90433,-11.85983],[-75.90344,-11.85801],[-75.89863,-11.85342],[-75.89555,-11.84479],[-75.90039,-11.83243],[-75.90143,-11.82365],[-75.90073,-11.82091],[-75.89646,-11.81386],[-75.89953,-11.80346],[-75.89936,-11.80214],[-75.89824,-11.80115],[-75.89347,-11.80025],[-75.89123,-11.79757],[-75.89163,-11.79545],[-75.89459,-11.79186],[-75.89221,-11.78419],[-75.88759,-11.78049],[-75.88405,-11.77643],[-75.8804,-11.77564],[-75.87653,-11.77636],[-75.87378,-11.77497],[-75.86971,-11.77083],[-75.86179,-11.77068],[-75.85256,-11.76788],[-75.84936,-11.76883],[-75.84403,-11.76716],[-75.83703,-11.76822],[-75.83411,-11.76758],[-75.83049,-11.77167],[-75.82616,-11.77395],[-75.82346,-11.78156],[-75.81879,-11.78515],[-75.81586,-11.78857],[-75.81253,-11.78904],[-75.80951,-11.78828],[-75.8066,-11.78971],[-75.79779,-11.79011],[-75.79253,-11.78598],[-75.78875,-11.78486],[-75.78817,-11.78334],[-75.78201,-11.77747],[-75.77901,-11.77558],[-75.77426,-11.77578],[-75.77073,-11.7762],[-75.76888,-11.77326],[-75.76727,-11.77291],[-75.75698,-11.77495],[-75.75529,-11.77445],[-75.75164,-11.77032],[-75.74644,-11.7574],[-75.74431,-11.75492],[-75.74254,-11.74961],[-75.73947,-11.74745],[-75.73474,-11.74679],[-75.73515,-11.74583],[-75.73341,-11.74512],[-75.72637,-11.73704],[-75.72413,-11.7335],[-75.71728,-11.72784],[-75.71468,-11.72443],[-75.70836,-11.71929],[-75.70659,-11.71705],[-75.70062,-11.7128],[-75.70234,-11.71036],[-75.70757,-11.70776],[-75.71442,-11.70189],[-75.7134,-11.69511],[-75.71653,-11.69012],[-75.71738,-11.68441],[-75.72106,-11.67503],[-75.72606,-11.66743],[-75.72923,-11.66432],[-75.72985,-11.66185],[-75.73347,-11.65818],[-75.73629,-11.65452],[-75.74046,-11.6532],[-75.74141,-11.64835],[-75.74287,-11.64606],[-75.74832,-11.64307],[-75.75227,-11.63917],[-75.75507,-11.63433],[-75.75829,-11.6303],[-75.75771,-11.62812],[-75.76231,-11.62413],[-75.76584,-11.62166],[-75.76582,-11.61981],[-75.76338,-11.61591],[-75.76329,-11.61458],[-75.7748,-11.59765],[-75.77538,-11.59401],[-75.77539,-11.59156],[-75.78004,-11.58937],[-75.78206,-11.58532],[-75.78226,-11.58144],[-75.78377,-11.57856],[-75.78908,-11.55904],[-75.79005,-11.55788],[-75.79331,-11.55688],[-75.79486,-11.55557],[-75.79937,-11.54434],[-75.80135,-11.54483],[-75.80835,-11.54876],[-75.80978,-11.54894],[-75.81499,-11.54681],[-75.81944,-11.54174],[-75.82278,-11.5402],[-75.82679,-11.53697],[-75.83953,-11.52226],[-75.85011,-11.51203],[-75.85878,-11.50552],[-75.85968,-11.5055],[-75.86487,-11.50958],[-75.8683,-11.50919],[-75.87064,-11.50779],[-75.87288,-11.50341],[-75.87278,-11.49487],[-75.87626,-11.48811],[-75.88022,-11.48348],[-75.88304,-11.47839],[-75.88566,-11.47566],[-75.8908,-11.46393],[-75.89437,-11.45757],[-75.89867,-11.44847],[-75.90214,-11.44332],[-75.90224,-11.44131],[-75.90087,-11.43776],[-75.90207,-11.43688],[-75.90611,-11.43658],[-75.90873,-11.43194],[-75.9141,-11.43168],[-75.91512,-11.43077],[-75.91561,-11.42448],[-75.9169,-11.42091],[-75.91698,-11.41685],[-75.91487,-11.41485],[-75.9089,-11.41503],[-75.90312,-11.41114],[-75.89809,-11.40993],[-75.89427,-11.40737],[-75.89223,-11.40722],[-75.8892,-11.40514],[-75.88729,-11.40512],[-75.88563,-11.4042],[-75.88401,-11.4044],[-75.88241,-11.40316],[-75.88393,-11.40189],[-75.89337,-11.39839],[-75.90574,-11.3898],[-75.90784,-11.38666],[-75.91299,-11.38448],[-75.91349,-11.38299],[-75.90949,-11.37787],[-75.90926,-11.37494],[-75.91578,-11.37055],[-75.92481,-11.35953],[-75.9329,-11.35436],[-75.93945,-11.34659],[-75.94626,-11.34233],[-75.95754,-11.33418],[-75.96059,-11.33342],[-75.96195,-11.33467],[-75.96389,-11.33956],[-75.96842,-11.34233],[-75.96982,-11.34402],[-75.96955,-11.35206],[-75.97201,-11.35365],[-75.97663,-11.35387],[-75.98116,-11.35799],[-75.98856,-11.3592],[-75.99271,-11.36244],[-76.00062,-11.36536],[-76.00472,-11.36422],[-76.00609,-11.36443],[-76.00812,-11.3666],[-76.01163,-11.37365],[-76.0138,-11.3756],[-76.01835,-11.37332],[-76.02077,-11.37287],[-76.02412,-11.37698],[-76.0262,-11.37947],[-76.02793,-11.37928],[-76.03096,-11.3741],[-76.03541,-11.37743],[-76.03784,-11.37725],[-76.0412,-11.37234],[-76.04473,-11.37106],[-76.04647,-11.37205],[-76.04709,-11.37509],[-76.04842,-11.37695],[-76.05003,-11.37773],[-76.05581,-11.37771],[-76.05965,-11.38289],[-76.06101,-11.38377],[-76.06293,-11.38388],[-76.06601,-11.38263],[-76.06763,-11.38334],[-76.0705,-11.38652],[-76.07597,-11.38425],[-76.0815,-11.38673],[-76.08553,-11.38],[-76.09346,-11.37301],[-76.09484,-11.36891],[-76.09637,-11.36098],[-76.10288,-11.35344],[-76.10527,-11.35169],[-76.10635,-11.34825],[-76.10621,-11.34328],[-76.10788,-11.33452],[-76.11154,-11.33125],[-76.11938,-11.32815],[-76.12182,-11.32421],[-76.12416,-11.325],[-76.13056,-11.31786],[-76.13712,-11.31411],[-76.13664,-11.31291],[-76.13382,-11.31079],[-76.13379,-11.30967],[-76.13577,-11.30707],[-76.13864,-11.30515],[-76.13973,-11.30168],[-76.13995,-11.29738],[-76.14198,-11.29361],[-76.14673,-11.28854],[-76.15377,-11.28584],[-76.15609,-11.2814],[-76.15639,-11.27829],[-76.16456,-11.27077],[-76.16585,-11.26681],[-76.16758,-11.26407],[-76.16733,-11.25844],[-76.1692,-11.25611],[-76.17188,-11.2547],[-76.17329,-11.24887],[-76.17683,-11.24348],[-76.17774,-11.23471],[-76.17736,-11.2326],[-76.17584,-11.23065],[-76.17351,-11.23012],[-76.1736,-11.22744],[-76.17083,-11.22515],[-76.168,-11.22435],[-76.16751,-11.22163],[-76.16921,-11.21997],[-76.17327,-11.22028],[-76.17666,-11.21884],[-76.17992,-11.21917],[-76.18345,-11.2165],[-76.18452,-11.21092],[-76.18838,-11.20646],[-76.18733,-11.2017],[-76.18961,-11.20029],[-76.19253,-11.20147],[-76.19266,-11.19953],[-76.18831,-11.19634],[-76.18686,-11.19323],[-76.18783,-11.19147],[-76.18716,-11.18839],[-76.18146,-11.18161],[-76.18223,-11.17984],[-76.18278,-11.17974],[-76.18725,-11.18318],[-76.19071,-11.18129],[-76.19699,-11.1803],[-76.19796,-11.17743],[-76.19806,-11.17205],[-76.20184,-11.1714],[-76.20276,-11.17197],[-76.20576,-11.17188],[-76.20853,-11.16904],[-76.20759,-11.16215],[-76.20526,-11.15779],[-76.20147,-11.15375],[-76.20167,-11.15133],[-76.2037,-11.1491],[-76.2116,-11.15195],[-76.21477,-11.14978],[-76.21919,-11.14999],[-76.22611,-11.15476],[-76.2273,-11.15496],[-76.22927,-11.15403],[-76.23407,-11.14924],[-76.23672,-11.14825],[-76.24207,-11.14277],[-76.24516,-11.14287],[-76.24982,-11.14646],[-76.25265,-11.14998],[-76.25473,-11.15099],[-76.26076,-11.15031],[-76.27337,-11.14134],[-76.27674,-11.14023],[-76.28111,-11.13788],[-76.2865,-11.13816],[-76.29059,-11.13629],[-76.29407,-11.13331],[-76.30482,-11.1332],[-76.30785,-11.13254],[-76.30894,-11.13133],[-76.31152,-11.12399],[-76.31629,-11.11389],[-76.31842,-11.10738],[-76.31945,-11.09441],[-76.31801,-11.09152],[-76.32024,-11.08956],[-76.33185,-11.08347],[-76.33668,-11.08236],[-76.34134,-11.08455],[-76.34648,-11.09197],[-76.34967,-11.09396],[-76.35141,-11.09385],[-76.35348,-11.09122],[-76.35926,-11.08742],[-76.37208,-11.08382],[-76.37893,-11.0804],[-76.38284,-11.07982],[-76.38367,-11.0785],[-76.38281,-11.07477],[-76.3861,-11.07203],[-76.39229,-11.0703],[-76.39379,-11.07077],[-76.39716,-11.07564],[-76.41332,-11.07569],[-76.42213,-11.07676],[-76.42585,-11.07551],[-76.43012,-11.07736],[-76.43206,-11.07949],[-76.43482,-11.07976],[-76.44328,-11.07304],[-76.44632,-11.07172],[-76.44839,-11.07379],[-76.45186,-11.07968],[-76.45316,-11.07983],[-76.45528,-11.07812],[-76.45621,-11.07813],[-76.45869,-11.08026],[-76.46114,-11.084],[-76.47376,-11.08426],[-76.47746,-11.08298],[-76.48156,-11.08575],[-76.48521,-11.08611],[-76.49115,-11.08932],[-76.49316,-11.09565],[-76.49198,-11.09837],[-76.49252,-11.10124],[-76.49448,-11.1038],[-76.49496,-11.10726],[-76.49725,-11.10968],[-76.50517,-11.11079],[-76.51834,-11.11595],[-76.51916,-11.11797],[-76.518,-11.12123],[-76.51098,-11.12737],[-76.50942,-11.13496],[-76.50749,-11.13631],[-76.50735,-11.14022],[-76.50576,-11.14186],[-76.50417,-11.14645],[-76.50446,-11.15354],[-76.50301,-11.1592],[-76.50378,-11.16475],[-76.50634,-11.16822],[-76.50609,-11.17059],[-76.50288,-11.17502],[-76.50059,-11.1756],[-76.49941,-11.17724],[-76.49876,-11.17966],[-76.49329,-11.18486],[-76.4916,-11.19736],[-76.49405,-11.20139],[-76.49368,-11.20713],[-76.49446,-11.21084],[-76.49274,-11.21457],[-76.48976,-11.21789],[-76.4878,-11.22189],[-76.48544,-11.22457],[-76.48535,-11.22687],[-76.48394,-11.22918],[-76.48416,-11.23348],[-76.48314,-11.23681],[-76.48478,-11.24233],[-76.48478,-11.24382],[-76.49053,-11.24448],[-76.49066,-11.24647],[-76.48864,-11.25059],[-76.48537,-11.25364],[-76.48388,-11.25733],[-76.47987,-11.25963],[-76.47943,-11.26083],[-76.47604,-11.26295],[-76.46664,-11.26378],[-76.46211,-11.2657],[-76.45775,-11.26951],[-76.45782,-11.27234],[-76.45877,-11.2724],[-76.46226,-11.26967],[-76.46385,-11.27036],[-76.46518,-11.27288],[-76.46936,-11.27557],[-76.472,-11.28186],[-76.47668,-11.28766],[-76.4781,-11.29119],[-76.47729,-11.29321],[-76.47396,-11.29651],[-76.47047,-11.30372],[-76.46336,-11.31256],[-76.46265,-11.31596],[-76.46449,-11.31912],[-76.46383,-11.32123],[-76.45953,-11.32633],[-76.45922,-11.32892],[-76.45781,-11.33039],[-76.45709,-11.33315],[-76.45295,-11.34157],[-76.44975,-11.34471],[-76.44362,-11.3469],[-76.4367,-11.3469],[-76.43265,-11.34532],[-76.43033,-11.34625],[-76.42811,-11.34899],[-76.42734,-11.35153],[-76.42282,-11.35421],[-76.42247,-11.35903],[-76.42034,-11.36437],[-76.41982,-11.37493],[-76.41425,-11.37908],[-76.41139,-11.38675],[-76.40747,-11.38998],[-76.40396,-11.39652],[-76.40349,-11.39917],[-76.40067,-11.40285],[-76.40109,-11.40422],[-76.40363,-11.40548],[-76.40485,-11.40842],[-76.41185,-11.40992],[-76.41399,-11.41237],[-76.41279,-11.41484],[-76.40576,-11.42319],[-76.39962,-11.43639],[-76.39396,-11.4448],[-76.38793,-11.4463],[-76.38355,-11.44526],[-76.37924,-11.44296],[-76.37715,-11.44366],[-76.37615,-11.45866],[-76.37225,-11.47151],[-76.3722,-11.47716],[-76.37437,-11.47973],[-76.3793,-11.48088],[-76.38054,-11.48325],[-76.37985,-11.48907],[-76.37654,-11.49885],[-76.3766,-11.50085],[-76.36817,-11.50811],[-76.36233,-11.51416],[-76.3613,-11.51451],[-76.36169,-11.51886],[-76.35782,-11.52295],[-76.35463,-11.52024],[-76.35052,-11.5199],[-76.34932,-11.52157],[-76.3495,-11.52561],[-76.34837,-11.52865],[-76.34922,-11.53128],[-76.34856,-11.53785],[-76.34722,-11.54166],[-76.34446,-11.54296],[-76.33908,-11.54462],[-76.33811,-11.54437],[-76.33667,-11.54243],[-76.33034,-11.54293],[-76.32724,-11.5452],[-76.32567,-11.54881],[-76.32529,-11.55261],[-76.32092,-11.55539],[-76.31967,-11.55922],[-76.31549,-11.5637],[-76.30972,-11.56331],[-76.30474,-11.56669],[-76.3002,-11.57412],[-76.30019,-11.57769],[-76.30095,-11.58084],[-76.30016,-11.58621],[-76.29743,-11.59179],[-76.2972,-11.59629],[-76.29631,-11.59655],[-76.29379,-11.5896],[-76.29221,-11.58875],[-76.28619,-11.59112],[-76.28158,-11.58758],[-76.27919,-11.58466],[-76.27304,-11.58187],[-76.27163,-11.57847],[-76.26969,-11.57222],[-76.2659,-11.56792],[-76.26226,-11.56683],[-76.25353,-11.56946],[-76.24969,-11.56763],[-76.2411,-11.56726],[-76.23721,-11.56871],[-76.23214,-11.56234],[-76.2312,-11.5555],[-76.22803,-11.55367],[-76.22534,-11.55612],[-76.22508,-11.56006],[-76.22109,-11.56355],[-76.2189,-11.56417],[-76.21726,-11.56747],[-76.21784,-11.57027],[-76.21663,-11.57141],[-76.21391,-11.57091],[-76.20952,-11.57367],[-76.20528,-11.57467],[-76.20494,-11.57968],[-76.20056,-11.5863],[-76.19805,-11.58885],[-76.1951,-11.58864],[-76.18886,-11.58655],[-76.18558,-11.58705],[-76.1841,-11.59514],[-76.18719,-11.60003],[-76.18772,-11.6033],[-76.18548,-11.60603],[-76.18137,-11.60753],[-76.17972,-11.60976],[-76.17986,-11.61398],[-76.18355,-11.6146],[-76.18726,-11.61526],[-76.19235,-11.61962],[-76.19732,-11.62247],[-76.19879,-11.62603],[-76.19866,-11.6277],[-76.18999,-11.63565],[-76.19012,-11.638],[-76.18802,-11.64211],[-76.1882,-11.6437],[-76.19156,-11.64828],[-76.19559,-11.6518],[-76.1964,-11.65342],[-76.20155,-11.6582],[-76.20335,-11.65935],[-76.20198,-11.66791],[-76.19894,-11.67109],[-76.19709,-11.67736],[-76.19512,-11.68068],[-76.19451,-11.68842],[-76.19609,-11.69105],[-76.19546,-11.69308],[-76.19688,-11.69422],[-76.20155,-11.69315],[-76.20574,-11.69437],[-76.20722,-11.6994],[-76.20823,-11.70152],[-76.20322,-11.71182],[-76.20329,-11.71397],[-76.20201,-11.71621],[-76.20246,-11.71867],[-76.20079,-11.72194],[-76.20174,-11.72738],[-76.2014,-11.72993],[-76.19724,-11.73807],[-76.1905,-11.73772],[-76.18431,-11.73961],[-76.17995,-11.74694],[-76.17413,-11.75095],[-76.17149,-11.75692],[-76.17165,-11.75908],[-76.17283,-11.76243],[-76.1669,-11.76813],[-76.16424,-11.76982],[-76.16331,-11.77238],[-76.15738,-11.77723],[-76.15269,-11.7828],[-76.15064,-11.78378],[-76.14822,-11.7832],[-76.1421,-11.77669],[-76.13534,-11.78034],[-76.13528,-11.79012],[-76.12988,-11.79304],[-76.12395,-11.79517],[-76.12238,-11.80022],[-76.11548,-11.80827],[-76.11065,-11.81276],[-76.11072,-11.81669],[-76.10513,-11.82506],[-76.10412,-11.82884],[-76.09906,-11.83453],[-76.09674,-11.83622],[-76.0967,-11.83738],[-76.09798,-11.83935],[-76.09752,-11.84191],[-76.09567,-11.84343],[-76.09345,-11.84958],[-76.09162,-11.8507],[-76.09013,-11.85047],[-76.08818,-11.84908],[-76.08599,-11.85657],[-76.08454,-11.86025],[-76.07838,-11.86297],[-76.06783,-11.8736],[-76.05913,-11.87932],[-76.05084,-11.89266],[-76.05146,-11.89969],[-76.04904,-11.90202],[-76.05046,-11.90576],[-76.05062,-11.90916],[-76.05165,-11.91071],[-76.05514,-11.9121],[-76.05777,-11.91219],[-76.0582,-11.91366],[-76.05715,-11.91552],[-76.05722,-11.91837],[-76.05565,-11.92131],[-76.05693,-11.92462],[-76.05495,-11.92723],[-76.05277,-11.93059],[-76.05296,-11.93244],[-76.0548,-11.93499],[-76.05503,-11.93849],[-76.05351,-11.93955]]]},"id":"00060000000000000e81","properties":{"ADM2_CODE":24116,"ADM2_NAME":"Yauli"}}]}